expression_id,scenario_id,example,review,changed_fields,original_sentence,corrected_sentence,original_distractors,distractor_replacements,correct_chips,distractors,korean_accepted_answers
4001,44,1,reviewed,"sentenceWords,sentenceWordChoices",I play volleyball with my friends.,I play volleyball with my friends.,"[""your"", ""friend"", ""plays""]",[],"[""I"", ""play"", ""volleyball with my friends""]","[""friend"", ""your"", ""plays""]","[[""나"", ""친구들이랑"", ""배구"", ""해""], [""친구들이랑"", ""나"", ""배구"", ""해""]]"
4001,44,2,reviewed,"sentenceWordChoices,sentenceTranslateAcceptedAnswers","Yes, I play the piano.","Yes, I play the piano.","[""plays"", ""a"", ""guitar""]","[[""a"", ""an""]]","[""Yes"", ""I"", ""play"", ""the"", ""piano""]","[""an"", ""guitar"", ""plays""]","[[""응"", ""나"", ""피아노"", ""쳐""]]"
4002,44,1,reviewed,"sentenceWordChoices,sentenceTranslateAcceptedAnswers",Do I need a uniform?,Do I need a uniform?,"[""Does"", ""uniforms"", ""needs""]","[[""uniforms"", ""uniformly""]]","[""Do"", ""I"", ""need"", ""a"", ""uniform""]","[""Does"", ""needs"", ""uniformly""]","[[""나"", ""유니폼"", ""필요해""]]"
4002,44,2,reviewed,sentenceTranslateAcceptedAnswers,Do I need money for the bus?,Do I need money for the bus?,"[""Does"", ""needs"", ""train""]",[],"[""Do"", ""I"", ""need"", ""money"", ""for"", ""the"", ""bus""]","[""Does"", ""needs"", ""train""]","[[""나"", ""버스비"", ""필요해""]]"
4003,44,1,reviewed,"sentenceWords,sentenceWordChoices",That sounds fun. I love movies.,That sounds fun. I love movies.,"[""This"", ""movie"", ""sound""]","[[""This"", ""Those""]]","[""That"", ""sounds"", ""fun I"", ""love"", ""movies""]","[""Those"", ""movie"", ""sound""]","[[""재미있겠다"", ""나"", ""영화"", ""정말"", ""좋아해""], [""재미있겠다"", ""나"", ""정말"", ""영화"", ""좋아해""]]"
4003,44,2,reviewed,"sentenceWords,sentenceWordChoices,sentenceTranslateAcceptedAnswers",That sounds fun. I will go too.,That sounds fun. I will go too.,"[""sound"", ""This"", ""went""]","[[""This"", ""Those""]]","[""That"", ""sounds"", ""fun I"", ""will"", ""go too""]","[""sound"", ""went"", ""Those""]","[[""재미있겠다"", ""나도"", ""갈래""]]"
4004,44,1,reviewed,sentenceTranslateAcceptedAnswers,"Okay, I'll be there.","Okay, I'll be there.","[""I"", ""was"", ""here""]",[],"[""Okay"", ""I'll"", ""be"", ""there""]","[""I"", ""was"", ""here""]","[[""알았어"", ""갈게""]]"
4004,44,2,reviewed,"sentenceWords,sentenceWordChoices,sentenceTranslateAcceptedAnswers","Yes, I'll be there early.","Yes, I'll be there early.","[""late"", ""I"", ""No""]",[],"[""Yes"", ""I'll"", ""be"", ""there early""]","[""late"", ""No"", ""I""]","[[""응"", ""일찍"", ""갈게""]]"
4005,44,1,reviewed,"sentenceWords,sentenceWordChoices,sentenceTranslateAcceptedAnswers","I'm looking for something active, not another study group.","I'm looking for something active, not another study group.","[""groups"", ""other"", ""look""]",[],"[""I'm"", ""looking"", ""for"", ""something"", ""active not another study group""]","[""look"", ""groups"", ""other""]","[[""스터디"", ""말고"", ""몸"", ""쓰는"", ""걸"", ""찾고"", ""있어""]]"
4005,44,2,reviewed,sentenceTranslateAcceptedAnswers,I'm looking for a way to make new friends.,I'm looking for a way to make new friends.,"[""look"", ""friend"", ""old""]",[],"[""I'm"", ""looking"", ""for"", ""a"", ""way"", ""to"", ""make"", ""new"", ""friends""]","[""look"", ""friend"", ""old""]","[[""새"", ""친구"", ""사귈"", ""방법을"", ""찾고"", ""있어""]]"
4006,44,1,reviewed,"sentenceWords,sentenceWordChoices,sentenceTranslateAcceptedAnswers",Not really. I'm a total beginner.,Not really. I'm a total beginner.,"[""beginners"", ""am"", ""real""]",[],"[""Not"", ""really I'm"", ""a"", ""total"", ""beginner""]","[""real"", ""am"", ""beginners""]","[[""아니"", ""별로"", ""나"", ""완전"", ""초보야""]]"
4006,44,2,reviewed,"sentenceWords,sentenceWordChoices","The easiest one, please. I'm a total beginner.","The easiest one, please. I'm a total beginner.","[""ones"", ""hardest"", ""am""]",[],"[""The"", ""easiest"", ""one"", ""please I'm"", ""a"", ""total"", ""beginner""]","[""am"", ""hardest"", ""ones""]","[[""제일"", ""쉬운"", ""조로"", ""해줘"", ""나"", ""완전"", ""초보야""], [""나"", ""완전"", ""초보야"", ""제일"", ""쉬운"", ""조로"", ""해줘""]]"
4007,44,1,reviewed,"sentenceWords,sentenceWordChoices",Sounds great. What should I bring?,Sounds great. What should I bring?,"[""brought"", ""Sound"", ""shall""]","[[""shall"", ""is""]]","[""Sounds"", ""great What"", ""should"", ""I"", ""bring""]","[""is"", ""brought"", ""Sound""]","[[""좋다"", ""내가"", ""뭘"", ""가져갈까""], [""좋다"", ""뭘"", ""내가"", ""가져갈까""]]"
4007,44,2,reviewed,"sentenceWords,sentenceWordChoices",What should I bring for two days?,What should I bring for two days?,"[""shall"", ""day"", ""brought""]","[[""shall"", ""is""]]","[""What"", ""should"", ""I"", ""bring for two days""]","[""day"", ""brought"", ""is""]","[[""이틀치로"", ""뭘"", ""챙겨"", ""가면"", ""돼""], [""뭘"", ""이틀치로"", ""챙겨"", ""가면"", ""돼""]]"
4008,44,1,reviewed,sentenceTranslateAcceptedAnswers,"Sure, I'll give it a try.","Sure, I'll give it a try.","[""tries"", ""gave"", ""them""]",[],"[""Sure"", ""I'll"", ""give"", ""it"", ""a"", ""try""]","[""tries"", ""gave"", ""them""]","[[""좋아"", ""한번"", ""해볼게""]]"
4008,44,2,reviewed,none,Let me give it a try.,Let me give it a try.,"[""my"", ""gave"", ""Lets""]",[],"[""Let"", ""me"", ""give"", ""it"", ""a"", ""try""]","[""my"", ""gave"", ""Lets""]","[[""내가"", ""한번"", ""해볼게""], [""한번"", ""내가"", ""해볼게""]]"
4009,44,1,reviewed,"sentenceWords,sentenceWordChoices,sentenceTranslateAcceptedAnswers",Let's grab pizza after class. What do you say?,Let's grab pizza after class. What do you say?,"[""before"", ""classes"", ""grabbed""]",[],"[""Let's"", ""grab"", ""pizza after class What"", ""do"", ""you"", ""say""]","[""grabbed"", ""classes"", ""before""]","[[""수업"", ""끝나고"", ""피자"", ""먹으러"", ""가자"", ""어때""], [""피자"", ""먹으러"", ""수업"", ""끝나고"", ""가자"", ""어때""]]"
4009,44,2,reviewed,"sentenceWords,sentenceWordChoices,sentenceTranslateAcceptedAnswers",We could split a taxi. What do you say?,We could split a taxi. What do you say?,"[""can"", ""taxis"", ""They""]","[[""can"", ""are""]]","[""We"", ""could"", ""split"", ""a"", ""taxi What"", ""do"", ""you"", ""say""]","[""They"", ""are"", ""taxis""]","[[""택시"", ""같이"", ""타면"", ""되잖아"", ""콜""], [""같이"", ""택시"", ""타면"", ""되잖아"", ""콜""]]"
4010,44,1,reviewed,"sentenceWordChoices,sentenceTranslateAcceptedAnswers",It feels great to be part of a team.,It feels great to be part of a team.,"[""teams"", ""feel"", ""parts""]","[[""teams"", ""teaming""]]","[""It"", ""feels"", ""great"", ""to"", ""be"", ""part"", ""of"", ""a"", ""team""]","[""feel"", ""teaming"", ""parts""]","[[""팀의"", ""일원이"", ""된다는"", ""건"", ""기분"", ""좋은"", ""일이야""]]"
4010,44,2,reviewed,"sentenceWordChoices,sentenceTranslateAcceptedAnswers",She's part of the school band.,She's part of the school band.,"[""bands"", ""parts"", ""He's""]","[[""bands"", ""banded""]]","[""She's"", ""part"", ""of"", ""the"", ""school"", ""band""]","[""He's"", ""banded"", ""parts""]","[[""걔는"", ""학교"", ""밴드"", ""소속이야""]]"
4011,44,1,reviewed,"sentenceWords,sentenceWordChoices,sentenceTranslateAcceptedAnswers",Your graduation ceremony? I wouldn't miss it.,Your graduation ceremony? I wouldn't miss it.,"[""missed"", ""would"", ""My""]",[],"[""Your"", ""graduation"", ""ceremony I"", ""wouldn't"", ""miss"", ""it""]","[""would"", ""My"", ""missed""]","[[""네"", ""졸업식"", ""당연히"", ""가야지""]]"
4011,44,2,reviewed,none,She said she wouldn't miss my birthday dinner.,She said she wouldn't miss my birthday dinner.,"[""say"", ""would"", ""your""]",[],"[""She"", ""said"", ""she"", ""wouldn't"", ""miss"", ""my"", ""birthday"", ""dinner""]","[""say"", ""would"", ""your""]","[[""걔가"", ""내"", ""생일"", ""저녁은"", ""꼭"", ""온다고"", ""했어""], [""내"", ""생일"", ""저녁은"", ""걔가"", ""꼭"", ""온다고"", ""했어""]]"
4012,41,1,reviewed,none,You will like this rice cake.,You will like this rice cake.,"[""likes"", ""I"", ""that""]",[],"[""You"", ""will"", ""like"", ""this"", ""rice"", ""cake""]","[""likes"", ""I"", ""that""]","[[""너"", ""이"", ""떡"", ""좋아할"", ""거야""], [""이"", ""떡"", ""너"", ""좋아할"", ""거야""]]"
4012,41,2,reviewed,none,You will like the noodles.,You will like the noodles.,"[""likes"", ""noodle"", ""I""]",[],"[""You"", ""will"", ""like"", ""the"", ""noodles""]","[""likes"", ""noodle"", ""I""]","[[""너"", ""국수"", ""좋아할"", ""거야""], [""국수"", ""너"", ""좋아할"", ""거야""]]"
4013,41,1,reviewed,none,Let's try both dishes.,Let's try both dishes.,"[""tried"", ""Lets"", ""dish""]",[],"[""Let's"", ""try"", ""both"", ""dishes""]","[""tried"", ""Lets"", ""dish""]","[[""우리"", ""둘"", ""다"", ""먹어보자""], [""둘"", ""다"", ""우리"", ""먹어보자""]]"
4013,41,2,reviewed,none,Let's try this side dish.,Let's try this side dish.,"[""Lets"", ""tried"", ""that""]",[],"[""Let's"", ""try"", ""this"", ""side"", ""dish""]","[""Lets"", ""tried"", ""that""]","[[""우리"", ""이"", ""반찬"", ""먹어보자""], [""이"", ""반찬"", ""우리"", ""먹어보자""]]"
4014,41,1,reviewed,sentenceTranslateAcceptedAnswers,"Yes, but it is a little spicy.","Yes, but it is a little spicy.","[""No"", ""sweet"", ""are""]",[],"[""Yes"", ""but"", ""it"", ""is"", ""a"", ""little"", ""spicy""]","[""No"", ""sweet"", ""are""]","[[""응"", ""근데"", ""조금"", ""매워""]]"
4014,41,2,reviewed,"sentenceWords,sentenceWordChoices,sentenceTranslateAcceptedAnswers","It is a little spicy, so use less.","It is a little spicy, so use less.","[""more"", ""used"", ""are""]",[],"[""It"", ""is"", ""a"", ""little"", ""spicy so"", ""use"", ""less""]","[""used"", ""more"", ""are""]","[[""그거"", ""조금"", ""매우니까"", ""조금만"", ""뿌려""]]"
4015,41,1,reviewed,"sentenceWords,sentenceWordChoices",Mix the sauce and the noodles together.,Mix the sauce and the noodles together.,"[""or"", ""noodle"", ""Mixed""]",[],"[""Mix"", ""the"", ""sauce and the noodles together""]","[""noodle"", ""Mixed"", ""or""]","[[""소스랑"", ""국수를"", ""섞어""], [""국수를"", ""소스랑"", ""섞어""]]"
4015,41,2,reviewed,"sentenceWords,sentenceWordChoices",Mix the rice and soup together.,Mix the rice and soup together.,"[""soups"", ""Mixed"", ""or""]",[],"[""Mix"", ""the"", ""rice and soup together""]","[""Mixed"", ""or"", ""soups""]","[[""밥이랑"", ""국을"", ""말아서"", ""섞어""], [""국을"", ""밥이랑"", ""말아서"", ""섞어""]]"
4016,41,1,reviewed,"sentenceWords,sentenceWordChoices,sentenceTranslateAcceptedAnswers",Korea is known for its soups and side dishes.,Korea is known for its soups and side dishes.,"[""soup"", ""his"", ""know""]","[[""soup"", ""soaps""]]","[""Korea"", ""is"", ""known"", ""for"", ""its"", ""soups and side dishes""]","[""know"", ""his"", ""soaps""]","[[""한국은"", ""국이랑"", ""반찬으로"", ""유명해""], [""국이랑"", ""반찬으로"", ""한국은"", ""유명해""]]"
4016,41,2,reviewed,"sentenceWordChoices,sentenceTranslateAcceptedAnswers",It's known for street food like hotteok.,It's known for street food like hotteok.,"[""know"", ""Its"", ""foods""]","[[""foods"", ""feeding""]]","[""It's"", ""known"", ""for"", ""street"", ""food"", ""like"", ""hotteok""]","[""know"", ""Its"", ""feeding""]","[[""여기"", ""호떡"", ""같은"", ""길거리"", ""음식으로"", ""유명하거든""], [""호떡"", ""같은"", ""길거리"", ""음식으로"", ""여기"", ""유명하거든""]]"
4017,41,1,reviewed,sentenceTranslateAcceptedAnswers,This one is less spicy than tteokbokki.,This one is less spicy than tteokbokki.,"[""That"", ""are"", ""more""]",[],"[""This"", ""one"", ""is"", ""less"", ""spicy"", ""than"", ""tteokbokki""]","[""That"", ""are"", ""more""]","[[""이건"", ""떡볶이보다"", ""덜"", ""매워""], [""떡볶이보다"", ""이건"", ""덜"", ""매워""]]"
4017,41,2,reviewed,sentenceTranslateAcceptedAnswers,It's less spicy than it looks.,It's less spicy than it looks.,"[""Its"", ""look"", ""more""]",[],"[""It's"", ""less"", ""spicy"", ""than"", ""it"", ""looks""]","[""Its"", ""look"", ""more""]","[[""보기보다"", ""덜"", ""매워""]]"
4018,41,1,reviewed,"sentenceWords,sentenceWordChoices,sentenceTranslateAcceptedAnswers",Add it a little at a time and taste it.,Add it a little at a time and taste it.,"[""Added"", ""tasted"", ""much""]",[],"[""Add"", ""it a little at a time and"", ""taste"", ""it""]","[""tasted"", ""much"", ""Added""]","[[""조금씩"", ""넣으면서"", ""맛봐""]]"
4018,41,2,reviewed,"sentenceWords,sentenceWordChoices","Then start with mild ones, a little at a time.","Then start with mild ones, a little at a time.","[""much"", ""spicy"", ""started""]",[],"[""Then"", ""start"", ""with"", ""mild"", ""ones a little at a time""]","[""started"", ""spicy"", ""much""]","[[""그럼"", ""순한"", ""것부터"", ""조금씩"", ""시작해""], [""그럼"", ""조금씩"", ""순한"", ""것부터"", ""시작해""]]"
4019,41,1,reviewed,"sentenceWords,sentenceWordChoices",Wrap the rice in the seaweed like this.,Wrap the rice in the seaweed like this.,"[""that"", ""Wrapped"", ""seaweeds""]",[],"[""Wrap"", ""the"", ""rice in the seaweed like this""]","[""seaweeds"", ""Wrapped"", ""that""]","[[""밥을"", ""김에"", ""이렇게"", ""싸""], [""김에"", ""밥을"", ""이렇게"", ""싸""], [""이렇게"", ""밥을"", ""김에"", ""싸""]]"
4019,41,2,reviewed,"sentenceWords,sentenceWordChoices,sentenceTranslateAcceptedAnswers",Wrap it in a piece of pork next time.,Wrap it in a piece of pork next time.,"[""Wrapped"", ""last"", ""pieces""]",[],"[""Wrap"", ""it"", ""in"", ""a"", ""piece"", ""of"", ""pork next time""]","[""Wrapped"", ""last"", ""pieces""]","[[""다음엔"", ""고기"", ""한"", ""점에"", ""싸서"", ""먹어""], [""고기"", ""한"", ""점에"", ""다음엔"", ""싸서"", ""먹어""]]"
4020,41,1,reviewed,"sentenceWords,sentenceWordChoices",This song is a crowd-pleaser at every party.,This song is a crowd-pleaser at every party.,"[""songs"", ""parties"", ""That""]",[],"[""This"", ""song"", ""is"", ""a"", ""crowd-pleaser at every party""]","[""songs"", ""parties"", ""That""]","[[""이"", ""노래는"", ""어느"", ""파티에서나"", ""반응이"", ""좋아""], [""어느"", ""파티에서나"", ""이"", ""노래는"", ""반응이"", ""좋아""]]"
4020,41,2,reviewed,"sentenceWords,sentenceWordChoices,sentenceTranslateAcceptedAnswers",Bring cheesecake — it's a guaranteed crowd-pleaser.,Bring cheesecake — it's a guaranteed crowd-pleaser.,"[""Brought"", ""crowd-pleasers"", ""Its""]",[],"[""Bring"", ""cheesecake it's"", ""a"", ""guaranteed"", ""crowd-pleaser""]","[""Brought"", ""Its"", ""crowd-pleasers""]","[[""치즈케이크"", ""가져가"", ""그건"", ""무조건"", ""다들"", ""좋아해""], [""치즈케이크"", ""가져가"", ""다들"", ""그건"", ""무조건"", ""좋아해""]]"
4021,41,1,reviewed,"sentenceWords,sentenceWordChoices",Dig in before it gets cold.,Dig in before it gets cold.,"[""after"", ""hot"", ""Dug""]",[],"[""Dig"", ""in before"", ""it"", ""gets"", ""cold""]","[""hot"", ""Dug"", ""after""]","[[""식기"", ""전에"", ""어서"", ""먹어""], [""어서"", ""식기"", ""전에"", ""먹어""]]"
4021,41,2,reviewed,sentenceWordChoices,We all dug into the pizza.,We all dug into the pizza.,"[""dig"", ""They"", ""pizzas""]","[[""pizzas"", ""pizzeria""]]","[""We"", ""all"", ""dug"", ""into"", ""the"", ""pizza""]","[""They"", ""dig"", ""pizzeria""]","[[""다들"", ""피자에"", ""달려들었어""], [""피자에"", ""다들"", ""달려들었어""]]"
4022,41,1,reviewed,"sentenceWords,sentenceWordChoices",He washed the bread down with milk.,He washed the bread down with milk.,"[""wash"", ""She"", ""up""]",[],"[""He"", ""washed the bread"", ""down with milk""]","[""wash"", ""She"", ""up""]","[[""걔는"", ""우유로"", ""빵을"", ""넘겼어""], [""걔는"", ""빵을"", ""우유로"", ""넘겼어""]]"
4022,41,2,reviewed,"sentenceWordChoices,sentenceTranslateAcceptedAnswers",I need something to wash this down.,I need something to wash this down.,"[""needs"", ""up"", ""that""]","[[""that"", ""those""]]","[""I"", ""need"", ""something"", ""to"", ""wash"", ""this"", ""down""]","[""those"", ""up"", ""needs""]","[[""이거"", ""넘길"", ""마실"", ""게"", ""필요해""]]"
4023,47,1,reviewed,"sentenceWords,sentenceWordChoices",I like that idea. I can draw.,I like that idea. I can draw.,"[""this"", ""drew"", ""likes""]","[[""this"", ""those""]]","[""I"", ""like"", ""that"", ""idea I"", ""can"", ""draw""]","[""those"", ""drew"", ""likes""]","[[""그"", ""생각"", ""좋아"", ""그림은"", ""내가"", ""그릴게""], [""그"", ""생각"", ""좋아"", ""내가"", ""그림은"", ""그릴게""]]"
4023,47,2,reviewed,"sentenceWords,sentenceWordChoices,sentenceTranslateAcceptedAnswers",I like that idea a lot.,I like that idea a lot.,"[""lots"", ""this"", ""likes""]","[[""this"", ""those""]]","[""I"", ""like"", ""that"", ""idea a lot""]","[""those"", ""lots"", ""likes""]","[[""그"", ""생각"", ""정말"", ""좋아""], [""정말"", ""그"", ""생각"", ""좋아""]]"
4024,47,1,reviewed,"sentenceWordChoices,sentenceTranslateAcceptedAnswers",It is a surprise for him.,It is a surprise for him.,"[""her"", ""are"", ""its""]","[[""her"", ""hers""]]","[""It"", ""is"", ""a"", ""surprise"", ""for"", ""him""]","[""hers"", ""are"", ""its""]","[[""걔한테"", ""줄"", ""깜짝"", ""선물이야""]]"
4024,47,2,reviewed,"sentenceWordChoices,sentenceTranslateAcceptedAnswers","No, it is a surprise for him.","No, it is a surprise for him.","[""Yes"", ""are"", ""her""]","[[""her"", ""hers""]]","[""No"", ""it"", ""is"", ""a"", ""surprise"", ""for"", ""him""]","[""Yes"", ""hers"", ""are""]","[[""아니"", ""이건"", ""걔"", ""몰래"", ""준비한"", ""선물이야""]]"
4025,47,1,reviewed,sentenceWordChoices,I can buy the balloons.,I can buy the balloons.,"[""bought"", ""can't"", ""balloon""]","[[""balloon"", ""ballooning""]]","[""I"", ""can"", ""buy"", ""the"", ""balloons""]","[""bought"", ""can't"", ""ballooning""]","[[""풍선은"", ""내가"", ""살게""], [""내가"", ""풍선은"", ""살게""]]"
4025,47,2,reviewed,"sentenceWords,sentenceWordChoices",I can buy candles at the store.,I can buy candles at the store.,"[""bought"", ""can't"", ""candle""]",[],"[""I"", ""can"", ""buy"", ""candles at the store""]","[""candle"", ""bought"", ""can't""]","[[""초는"", ""내가"", ""가게에서"", ""살게""], [""내가"", ""초는"", ""가게에서"", ""살게""]]"
4026,47,1,reviewed,"sentenceWords,sentenceWordChoices,sentenceTranslateAcceptedAnswers",Nothing. It's a secret.,Nothing. It's a secret.,"[""Something"", ""Its"", ""secrets""]",[],"[""Nothing It's"", ""a"", ""secret""]","[""Something"", ""Its"", ""secrets""]","[[""아무것도"", ""아니야"", ""비밀이야""]]"
4026,47,2,reviewed,sentenceTranslateAcceptedAnswers,"No, it's a secret.","No, it's a secret.","[""secrets"", ""its"", ""Yes""]",[],"[""No"", ""it's"", ""a"", ""secret""]","[""secrets"", ""its"", ""Yes""]","[[""안"", ""돼"", ""비밀이야""]]"
4027,47,1,reviewed,"sentenceWords,sentenceWordChoices",That sounds like fun. He'll scream for sure.,That sounds like fun. He'll scream for sure.,"[""screamed"", ""She'll"", ""sound""]",[],"[""That"", ""sounds"", ""like"", ""fun He'll"", ""scream for sure""]","[""sound"", ""screamed"", ""She'll""]","[[""재밌겠다"", ""걔"", ""분명"", ""소리"", ""지를걸""], [""재밌겠다"", ""분명"", ""걔"", ""소리"", ""지를걸""]]"
4027,47,2,reviewed,"sentenceWords,sentenceWordChoices,sentenceTranslateAcceptedAnswers",That sounds like fun. Everyone can join.,That sounds like fun. Everyone can join.,"[""joined"", ""can't"", ""sound""]",[],"[""That"", ""sounds"", ""like"", ""fun Everyone"", ""can"", ""join""]","[""sound"", ""can't"", ""joined""]","[[""재밌겠다"", ""다"", ""같이"", ""하면"", ""되겠네""], [""재밌겠다"", ""같이"", ""다"", ""하면"", ""되겠네""]]"
4028,47,1,reviewed,"sentenceWords,sentenceWordChoices",I'll handle the invitations after dinner.,I'll handle the invitations after dinner.,"[""invitation"", ""before"", ""handled""]",[],"[""I'll"", ""handle"", ""the"", ""invitations after dinner""]","[""invitation"", ""before"", ""handled""]","[[""초대는"", ""내가"", ""저녁"", ""먹고"", ""돌릴게""], [""내가"", ""초대는"", ""저녁"", ""먹고"", ""돌릴게""]]"
4028,47,2,reviewed,"sentenceWords,sentenceWordChoices",I'll handle the music if you send me his favorites.,I'll handle the music if you send me his favorites.,"[""her"", ""sent"", ""handled""]","[[""her"", ""hers""]]","[""I'll"", ""handle"", ""the"", ""music if"", ""you"", ""send"", ""me"", ""his"", ""favorites""]","[""sent"", ""hers"", ""handled""]","[[""걔"", ""최애곡만"", ""보내주면"", ""음악은"", ""내가"", ""맡을게""], [""걔"", ""최애곡만"", ""보내주면"", ""내가"", ""음악은"", ""맡을게""]]"
4029,47,1,reviewed,sentenceTranslateAcceptedAnswers,I'll make an excuse about a group project.,I'll make an excuse about a group project.,"[""groups"", ""projects"", ""made""]",[],"[""I'll"", ""make"", ""an"", ""excuse"", ""about"", ""a"", ""group"", ""project""]","[""groups"", ""projects"", ""made""]","[[""조별"", ""과제"", ""있다고"", ""핑계"", ""댈게""]]"
4029,47,2,reviewed,"sentenceWords,sentenceWordChoices,sentenceTranslateAcceptedAnswers",Call him and make an excuse to keep him outside.,Call him and make an excuse to keep him outside.,"[""her"", ""inside"", ""Called""]",[],"[""Call"", ""him"", ""and"", ""make"", ""an"", ""excuse to"", ""keep"", ""him"", ""outside""]","[""inside"", ""Called"", ""her""]","[[""전화해서"", ""핑계"", ""대고"", ""밖에"", ""붙잡아"", ""둬""]]"
4030,47,1,reviewed,"sentenceWords,sentenceWordChoices,sentenceTranslateAcceptedAnswers",Just pretend to look for milk and close it.,Just pretend to look for milk and close it.,"[""looked"", ""open"", ""pretended""]",[],"[""Just pretend"", ""to"", ""look"", ""for"", ""milk"", ""and"", ""close"", ""it""]","[""pretended"", ""looked"", ""open""]","[[""우유"", ""찾는"", ""척하고"", ""그냥"", ""닫아""]]"
4030,47,2,reviewed,"sentenceWords,sentenceWordChoices,sentenceTranslateAcceptedAnswers",We can pretend to study together.,We can pretend to study together.,"[""alone"", ""studied"", ""pretended""]",[],"[""We"", ""can"", ""pretend"", ""to"", ""study together""]","[""alone"", ""studied"", ""pretended""]","[[""같이"", ""공부하는"", ""척하면"", ""돼""]]"
4031,47,1,reviewed,"sentenceWords,sentenceWordChoices,sentenceTranslateAcceptedAnswers",Act natural — the teacher is looking at us.,Act natural — the teacher is looking at us.,"[""look"", ""Acted"", ""them""]",[],"[""Act"", ""natural the"", ""teacher"", ""is"", ""looking"", ""at"", ""us""]","[""Acted"", ""look"", ""them""]","[[""자연스럽게"", ""있어"", ""선생님이"", ""우리"", ""보고"", ""있어""]]"
4031,47,2,reviewed,"sentenceWords,sentenceWordChoices,sentenceTranslateAcceptedAnswers","I tried to act natural, but my face gave it away.","I tried to act natural, but my face gave it away.","[""given"", ""your"", ""try""]",[],"[""I"", ""tried"", ""to"", ""act"", ""natural but"", ""my"", ""face"", ""gave"", ""it"", ""away""]","[""given"", ""try"", ""your""]","[[""아무렇지"", ""않은"", ""척했는데"", ""표정에"", ""다"", ""드러났어""], [""아무렇지"", ""않은"", ""척했는데"", ""다"", ""표정에"", ""드러났어""]]"
4032,47,1,reviewed,"sentenceWords,sentenceWordChoices",Who spilled the beans about the surprise?,Who spilled the beans about the surprise?,"[""spill"", ""bean"", ""What""]",[],"[""Who"", ""spilled"", ""the"", ""beans about"", ""the"", ""surprise""]","[""bean"", ""What"", ""spill""]","[[""서프라이즈"", ""얘기"", ""누가"", ""흘렸어""], [""누가"", ""서프라이즈"", ""얘기"", ""흘렸어""]]"
4032,47,2,reviewed,"sentenceWords,sentenceWordChoices",I almost spilled the beans at dinner.,I almost spilled the beans at dinner.,"[""bean"", ""never"", ""spill""]",[],"[""I almost"", ""spilled"", ""the"", ""beans at dinner""]","[""spill"", ""bean"", ""never""]","[[""저녁"", ""먹다가"", ""하마터면"", ""말할"", ""뻔했어""], [""하마터면"", ""저녁"", ""먹다가"", ""말할"", ""뻔했어""]]"
4033,47,1,reviewed,"sentenceWords,sentenceWordChoices,sentenceTranslateAcceptedAnswers",Don't worry about dinner — I've got it covered.,Don't worry about dinner — I've got it covered.,"[""worried"", ""cover"", ""Do""]",[],"[""Don't"", ""worry"", ""about"", ""dinner I've"", ""got"", ""it"", ""covered""]","[""cover"", ""Do"", ""worried""]","[[""저녁은"", ""걱정하지"", ""마"", ""내가"", ""알아서"", ""할게""], [""저녁은"", ""걱정하지"", ""마"", ""알아서"", ""내가"", ""할게""]]"
4033,47,2,reviewed,sentenceWordChoices,She's got the hotel booking covered.,She's got the hotel booking covered.,"[""He's"", ""cover"", ""get""]","[[""He's"", ""Him""]]","[""She's"", ""got"", ""the"", ""hotel"", ""booking"", ""covered""]","[""Him"", ""get"", ""cover""]","[[""호텔"", ""예약은"", ""걔가"", ""맡았어""], [""걔가"", ""호텔"", ""예약은"", ""맡았어""]]"
4034,50,1,reviewed,"sentenceWords,sentenceWordChoices",That's sad. Let's look for him.,That's sad. Let's look for him.,"[""looked"", ""Let"", ""her""]","[[""her"", ""hers""]]","[""That's"", ""sad Let's"", ""look"", ""for"", ""him""]","[""hers"", ""looked"", ""Let""]","[[""그거"", ""속상하겠다"", ""같이"", ""찾아보자""], [""그거"", ""속상하겠다"", ""찾아보자"", ""같이""]]"
4034,50,2,reviewed,"sentenceWords,sentenceWordChoices",That's sad. You must miss her.,That's sad. You must miss her.,"[""him"", ""misses"", ""Your""]","[[""him"", ""his""]]","[""That's"", ""sad You"", ""must miss"", ""her""]","[""misses"", ""Your"", ""his""]","[[""그거"", ""속상하겠다"", ""많이"", ""보고"", ""싶겠다""], [""그거"", ""속상하겠다"", ""보고"", ""싶겠다"", ""많이""]]"
4035,50,1,reviewed,"sentenceWords,sentenceWordChoices,sentenceTranslateAcceptedAnswers","I did, too. Mine is gone.","I did, too. Mine is gone.","[""are"", ""do"", ""Yours""]",[],"[""I"", ""did too Mine"", ""is"", ""gone""]","[""are"", ""Yours"", ""do""]","[[""나도"", ""그랬어"", ""내"", ""것도"", ""없어졌어""]]"
4035,50,2,reviewed,"sentenceWords,sentenceWordChoices","I did, too. Let's tell the teacher.","I did, too. Let's tell the teacher.","[""teachers"", ""Let"", ""do""]","[[""teachers"", ""teaching""]]","[""I"", ""did too Let's"", ""tell"", ""the"", ""teacher""]","[""Let"", ""do"", ""teaching""]","[[""나도"", ""그랬어"", ""선생님께"", ""말씀드리자""], [""나도"", ""그랬어"", ""말씀드리자"", ""선생님께""]]"
4036,50,1,reviewed,"sentenceWords,sentenceWordChoices",I went running. It helped me a lot.,I went running. It helped me a lot.,"[""help"", ""go"", ""ran""]",[],"[""I"", ""went"", ""running It"", ""helped"", ""me a lot""]","[""help"", ""go"", ""ran""]","[[""달리기를"", ""했어"", ""그게"", ""많이"", ""도움이"", ""됐어""], [""달리기를"", ""했어"", ""그게"", ""도움이"", ""됐어"", ""많이""]]"
4036,50,2,reviewed,"sentenceWords,sentenceWordChoices,sentenceTranslateAcceptedAnswers",I slept early. It helped me.,I slept early. It helped me.,"[""late"", ""help"", ""sleep""]",[],"[""I"", ""slept early It"", ""helped"", ""me""]","[""help"", ""late"", ""sleep""]","[[""일찍"", ""잤어"", ""그게"", ""도움이"", ""됐어""]]"
4037,50,1,reviewed,sentenceTranslateAcceptedAnswers,Let's go to the beach.,Let's go to the beach.,"[""Let"", ""mountains"", ""going""]",[],"[""Let's"", ""go"", ""to"", ""the"", ""beach""]","[""Let"", ""mountains"", ""going""]","[[""바다에"", ""가자""]]"
4037,50,2,reviewed,"sentenceWords,sentenceWordChoices",Let's go to the movies tonight.,Let's go to the movies tonight.,"[""Let"", ""tomorrow"", ""going""]",[],"[""Let's"", ""go"", ""to"", ""the"", ""movies tonight""]","[""Let"", ""going"", ""tomorrow""]","[[""오늘"", ""밤에"", ""영화"", ""보러"", ""가자""], [""영화"", ""보러"", ""가자"", ""오늘"", ""밤에""]]"
4038,50,1,reviewed,"sentenceWords,sentenceWordChoices,sentenceTranslateAcceptedAnswers",It'll be okay. Lots of people fail the first few times.,It'll be okay. Lots of people fail the first few times.,"[""failed"", ""It's"", ""last""]",[],"[""It'll"", ""be"", ""okay Lots"", ""of"", ""people"", ""fail the first few times""]","[""It's"", ""failed"", ""last""]","[[""괜찮아질"", ""거야"", ""처음"", ""몇"", ""번은"", ""떨어지는"", ""사람"", ""많아""]]"
4038,50,2,reviewed,"sentenceWords,sentenceWordChoices",It'll be okay. There are other places hiring right now.,It'll be okay. There are other places hiring right now.,"[""It's"", ""hired"", ""is""]",[],"[""It'll"", ""be"", ""okay There"", ""are"", ""other"", ""places"", ""hiring right now""]","[""hired"", ""is"", ""It's""]","[[""괜찮아질"", ""거야"", ""지금"", ""사람"", ""뽑는"", ""데"", ""또"", ""있어""], [""괜찮아질"", ""거야"", ""사람"", ""뽑는"", ""데"", ""또"", ""있어"", ""지금""]]"
4039,50,1,reviewed,"sentenceWords,sentenceWordChoices",You did your best out there. Everyone could see it.,You did your best out there. Everyone could see it.,"[""my"", ""do"", ""Someone""]",[],"[""You"", ""did"", ""your"", ""best out there Everyone"", ""could"", ""see"", ""it""]","[""Someone"", ""do"", ""my""]","[[""넌"", ""정말"", ""최선을"", ""다했어"", ""다들"", ""봤어""], [""넌"", ""최선을"", ""정말"", ""다했어"", ""다들"", ""봤어""]]"
4039,50,2,reviewed,none,You did your best with a really hard song.,You did your best with a really hard song.,"[""easy"", ""my"", ""do""]",[],"[""You"", ""did"", ""your"", ""best"", ""with"", ""a"", ""really"", ""hard"", ""song""]","[""easy"", ""my"", ""do""]","[[""그렇게"", ""어려운"", ""곡으로"", ""최선을"", ""다했잖아""], [""최선을"", ""그렇게"", ""어려운"", ""곡으로"", ""다했잖아""]]"
4040,50,1,reviewed,"sentenceWords,sentenceWordChoices,sentenceTranslateAcceptedAnswers","The same thing happened to me, and she didn't mind at all.","The same thing happened to me, and she didn't mind at all.","[""you"", ""happens"", ""he""]","[[""he"", ""his""]]","[""The"", ""same"", ""thing"", ""happened"", ""to"", ""me"", ""and"", ""she"", ""didn't"", ""mind at all""]","[""happens"", ""you"", ""his""]","[[""나도"", ""똑같은"", ""일"", ""있었는데"", ""교수님이"", ""전혀"", ""신경"", ""안"", ""쓰셨어""], [""똑같은"", ""일"", ""나도"", ""있었는데"", ""교수님이"", ""전혀"", ""신경"", ""안"", ""쓰셨어""]]"
4040,50,2,reviewed,"sentenceWords,sentenceWordChoices",The same thing happened to me on my way to work.,The same thing happened to me on my way to work.,"[""your"", ""you"", ""happens""]",[],"[""The"", ""same"", ""thing"", ""happened"", ""to"", ""me on my way to work""]","[""happens"", ""you"", ""your""]","[[""나도"", ""출근길에"", ""똑같은"", ""일"", ""있었어""], [""나도"", ""똑같은"", ""일"", ""출근길에"", ""있었어""], [""출근길에"", ""나도"", ""똑같은"", ""일"", ""있었어""]]"
4041,50,1,reviewed,"sentenceWords,sentenceWordChoices,sentenceTranslateAcceptedAnswers",Let's do something fun on Saturday. I'll think of ideas.,Let's do something fun on Saturday. I'll think of ideas.,"[""Let"", ""boring"", ""Sunday""]",[],"[""Let's"", ""do"", ""something"", ""fun on Saturday I'll"", ""think"", ""of"", ""ideas""]","[""boring"", ""Let"", ""Sunday""]","[[""토요일에"", ""재미있는"", ""거"", ""하자"", ""내가"", ""아이디어"", ""생각해"", ""볼게""], [""토요일에"", ""재미있는"", ""거"", ""하자"", ""아이디어"", ""내가"", ""생각해"", ""볼게""]]"
4041,50,2,reviewed,"sentenceWords,sentenceWordChoices","Let's do something fun for an hour, then you can rest.","Let's do something fun for an hour, then you can rest.","[""Let"", ""hours"", ""boring""]",[],"[""Let's"", ""do"", ""something"", ""fun for an hour then"", ""you"", ""can"", ""rest""]","[""hours"", ""Let"", ""boring""]","[[""한"", ""시간만"", ""재미있는"", ""거"", ""하다가"", ""쉬어""], [""재미있는"", ""거"", ""한"", ""시간만"", ""하다가"", ""쉬어""]]"
4042,50,1,reviewed,"sentenceWords,sentenceWordChoices",He brushed off the criticism and kept playing.,He brushed off the criticism and kept playing.,"[""brush"", ""She"", ""played""]",[],"[""He"", ""brushed off the"", ""criticism"", ""and"", ""kept"", ""playing""]","[""played"", ""She"", ""brush""]","[[""걘"", ""비판을"", ""털어내고"", ""계속"", ""경기했어""], [""비판을"", ""걘"", ""털어내고"", ""계속"", ""경기했어""]]"
4042,50,2,reviewed,"sentenceWords,sentenceWordChoices",I can't brush it off that easily.,I can't brush it off that easily.,"[""couldn't"", ""easy"", ""brushed""]",[],"[""I can't"", ""brush"", ""it"", ""off that easily""]","[""easy"", ""brushed"", ""couldn't""]","[[""난"", ""그렇게"", ""쉽게"", ""털어내지는"", ""못하겠어""], [""그렇게"", ""쉽게"", ""난"", ""털어내지는"", ""못하겠어""]]"
4043,50,1,reviewed,"sentenceWords,sentenceWordChoices,sentenceTranslateAcceptedAnswers",Stop beating yourself up — it wasn't your fault.,Stop beating yourself up — it wasn't your fault.,"[""Start"", ""my"", ""beat""]",[],"[""Stop"", ""beating"", ""yourself"", ""up it"", ""wasn't"", ""your"", ""fault""]","[""beat"", ""my"", ""Start""]","[[""그만"", ""자책해"", ""네"", ""잘못"", ""아니었어""]]"
4043,50,2,reviewed,"sentenceWords,sentenceWordChoices",I beat myself up about it for weeks.,I beat myself up about it for weeks.,"[""yourself"", ""week"", ""beating""]",[],"[""I"", ""beat"", ""myself"", ""up"", ""about"", ""it for weeks""]","[""week"", ""yourself"", ""beating""]","[[""그"", ""일로"", ""몇"", ""주를"", ""자책했어""], [""몇"", ""주를"", ""그"", ""일로"", ""자책했어""]]"
4044,50,1,reviewed,"sentenceWords,sentenceWordChoices",I unwind by watching cooking shows.,I unwind by watching cooking shows.,"[""watched"", ""show"", ""unwinds""]",[],"[""I"", ""unwind by"", ""watching"", ""cooking"", ""shows""]","[""unwinds"", ""show"", ""watched""]","[[""난"", ""요리"", ""프로그램"", ""보면서"", ""쉬어""], [""요리"", ""프로그램"", ""보면서"", ""난"", ""쉬어""]]"
4044,50,2,reviewed,"sentenceWords,sentenceWordChoices,sentenceTranslateAcceptedAnswers",It took me an hour to unwind after the flight.,It took me an hour to unwind after the flight.,"[""takes"", ""before"", ""hours""]",[],"[""It"", ""took"", ""me"", ""an"", ""hour"", ""to"", ""unwind after the flight""]","[""takes"", ""hours"", ""before""]","[[""비행기에서"", ""내리고"", ""한"", ""시간은"", ""지나야"", ""긴장이"", ""풀렸어""]]"
4045,54,1,reviewed,sentenceTranslateAcceptedAnswers,Iceland is my dream place.,Iceland is my dream place.,"[""your"", ""are"", ""places""]",[],"[""Iceland"", ""is"", ""my"", ""dream"", ""place""]","[""your"", ""are"", ""places""]","[[""아이슬란드가"", ""내가"", ""꼭"", ""가보고"", ""싶은"", ""곳이야""]]"
4045,54,2,reviewed,sentenceTranslateAcceptedAnswers,"Wow, that is my dream place.","Wow, that is my dream place.","[""this"", ""are"", ""your""]",[],"[""Wow"", ""that"", ""is"", ""my"", ""dream"", ""place""]","[""this"", ""are"", ""your""]","[[""와"", ""저기"", ""내가"", ""꼭"", ""가보고"", ""싶은"", ""곳이야""]]"
4046,54,1,reviewed,"sentenceWords,sentenceWordChoices",I have fifty dollars right now.,I have fifty dollars right now.,"[""has"", ""fifteen"", ""dollar""]",[],"[""I"", ""have"", ""fifty"", ""dollars right now""]","[""dollar"", ""has"", ""fifteen""]","[[""나"", ""지금"", ""50달러"", ""있어""], [""지금"", ""나"", ""50달러"", ""있어""]]"
4046,54,2,reviewed,"sentenceWords,sentenceWordChoices",I have eighty dollars in my bank.,I have eighty dollars in my bank.,"[""your"", ""eighteen"", ""has""]",[],"[""I"", ""have"", ""eighty"", ""dollars in my bank""]","[""your"", ""has"", ""eighteen""]","[[""통장에"", ""80달러"", ""있어""], [""80달러"", ""통장에"", ""있어""]]"
4047,54,1,reviewed,"sentenceWords,sentenceWordChoices,sentenceTranslateAcceptedAnswers",I stayed for three days.,I stayed for three days.,"[""four"", ""stay"", ""day""]",[],"[""I"", ""stayed for"", ""three"", ""days""]","[""day"", ""stay"", ""four""]","[[""사흘"", ""있었어""]]"
4047,54,2,reviewed,"sentenceWords,sentenceWordChoices",I will be away for three days.,I will be away for three days.,"[""day"", ""was"", ""four""]",[],"[""I"", ""will"", ""be"", ""away for three days""]","[""was"", ""day"", ""four""]","[[""사흘"", ""동안"", ""자리"", ""비울"", ""거야""], [""자리"", ""사흘"", ""동안"", ""비울"", ""거야""]]"
4048,54,1,reviewed,"sentenceWords,sentenceWordChoices,sentenceTranslateAcceptedAnswers",We stayed in a cheap hotel.,We stayed in a cheap hotel.,"[""They"", ""stay"", ""expensive""]",[],"[""We"", ""stayed in"", ""a"", ""cheap"", ""hotel""]","[""stay"", ""expensive"", ""They""]","[[""싼"", ""호텔에서"", ""묵었어""]]"
4048,54,2,reviewed,"sentenceWords,sentenceWordChoices,sentenceTranslateAcceptedAnswers",Yes. I want a cheap hotel.,Yes. I want a cheap hotel.,"[""wants"", ""No"", ""expensive""]",[],"[""Yes I"", ""want"", ""a"", ""cheap"", ""hotel""]","[""No"", ""wants"", ""expensive""]","[[""응"", ""난"", ""싼"", ""호텔이"", ""좋아""], [""응"", ""싼"", ""호텔이"", ""난"", ""좋아""]]"
4049,54,1,reviewed,"sentenceWords,sentenceWordChoices,sentenceTranslateAcceptedAnswers",Let's try a place I've never been this time.,Let's try a place I've never been this time.,"[""that"", ""always"", ""Let""]",[],"[""Let's"", ""try"", ""a"", ""place"", ""I've"", ""never"", ""been this time""]","[""always"", ""Let"", ""that""]","[[""이번엔"", ""내가"", ""한"", ""번도"", ""안"", ""가본"", ""곳으로"", ""가보자""], [""내가"", ""한"", ""번도"", ""안"", ""가본"", ""곳으로"", ""이번엔"", ""가보자""]]"
4049,54,2,reviewed,"sentenceWords,sentenceWordChoices,sentenceTranslateAcceptedAnswers","It's a place I've never been, so everything will be new.","It's a place I've never been, so everything will be new.","[""always"", ""It'll"", ""old""]",[],"[""It's"", ""a"", ""place"", ""I've"", ""never"", ""been so"", ""everything"", ""will"", ""be"", ""new""]","[""always"", ""old"", ""It'll""]","[[""한"", ""번도"", ""안"", ""가본"", ""곳이라"", ""전부"", ""새로울"", ""것"", ""같아""]]"
4050,54,1,reviewed,"sentenceWords,sentenceWordChoices",I spend about thirty dollars a day on meals.,I spend about thirty dollars a day on meals.,"[""spent"", ""meal"", ""thirteen""]",[],"[""I"", ""spend"", ""about"", ""thirty"", ""dollars a day on meals""]","[""thirteen"", ""spent"", ""meal""]","[[""밥값으로"", ""하루에"", ""30달러"", ""정도"", ""써""], [""하루에"", ""밥값으로"", ""30달러"", ""정도"", ""써""]]"
4050,54,2,reviewed,"sentenceWords,sentenceWordChoices,sentenceTranslateAcceptedAnswers",I know. I spend about forty dollars every month now.,I know. I spend about forty dollars every month now.,"[""knows"", ""fourteen"", ""months""]",[],"[""I"", ""know I"", ""spend"", ""about"", ""forty"", ""dollars every month now""]","[""months"", ""knows"", ""fourteen""]","[[""그러니까"", ""요즘"", ""매달"", ""40달러"", ""정도"", ""나가""], [""그러니까"", ""요즘"", ""40달러"", ""정도"", ""매달"", ""나가""]]"
4051,54,1,reviewed,"sentenceWords,sentenceWordChoices,sentenceTranslateAcceptedAnswers",Let's keep it cheap and sit in the back.,Let's keep it cheap and sit in the back.,"[""front"", ""Let"", ""expensive""]",[],"[""Let's"", ""keep"", ""it"", ""cheap and"", ""sit"", ""in"", ""the"", ""back""]","[""front"", ""expensive"", ""Let""]","[[""돈"", ""아끼자"", ""뒷자리에"", ""앉자""]]"
4051,54,2,reviewed,"sentenceWords,sentenceWordChoices","I want to keep it cheap, just pizza at home.","I want to keep it cheap, just pizza at home.","[""wants"", ""pizzas"", ""expensive""]",[],"[""I"", ""want"", ""to"", ""keep"", ""it"", ""cheap just pizza at home""]","[""wants"", ""pizzas"", ""expensive""]","[[""돈"", ""안"", ""들이고"", ""싶어"", ""그냥"", ""집에서"", ""피자나"", ""먹자""], [""돈"", ""안"", ""들이고"", ""싶어"", ""그냥"", ""피자나"", ""집에서"", ""먹자""]]"
4052,54,1,reviewed,"sentenceWords,sentenceWordChoices",I know. I'll book a room tonight before they sell out.,I know. I'll book a room tonight before they sell out.,"[""booked"", ""after"", ""knows""]",[],"[""I"", ""know I'll"", ""book"", ""a"", ""room tonight before"", ""they"", ""sell"", ""out""]","[""knows"", ""booked"", ""after""]","[[""그러니까"", ""오늘"", ""밤에"", ""다"", ""나가기"", ""전에"", ""방"", ""예약할게""], [""그러니까"", ""다"", ""나가기"", ""전에"", ""오늘"", ""밤에"", ""방"", ""예약할게""]]"
4052,54,2,reviewed,"sentenceWords,sentenceWordChoices,sentenceTranslateAcceptedAnswers",You should book a room for them early.,You should book a room for them early.,"[""him"", ""booked"", ""late""]",[],"[""You"", ""should"", ""book"", ""a"", ""room"", ""for"", ""them early""]","[""booked"", ""him"", ""late""]","[[""걔네"", ""방"", ""일찍"", ""예약해"", ""두는"", ""게"", ""좋아""], [""일찍"", ""걔네"", ""방"", ""예약해"", ""두는"", ""게"", ""좋아""]]"
4053,54,1,reviewed,sentenceWordChoices,We split the cost of gas.,We split the cost of gas.,"[""They"", ""splits"", ""costs""]","[[""costs"", ""costly""]]","[""We"", ""split"", ""the"", ""cost"", ""of"", ""gas""]","[""splits"", ""costly"", ""They""]","[[""우리는"", ""기름값을"", ""나눠"", ""냈어""], [""기름값을"", ""우리는"", ""나눠"", ""냈어""]]"
4053,54,2,reviewed,sentenceTranslateAcceptedAnswers,Want to split the cost of a taxi?,Want to split the cost of a taxi?,"[""splitting"", ""taxis"", ""Wants""]",[],"[""Want"", ""to"", ""split"", ""the"", ""cost"", ""of"", ""a"", ""taxi""]","[""splitting"", ""taxis"", ""Wants""]","[[""택시비"", ""같이"", ""나눠"", ""낼래""]]"
4054,54,1,reviewed,"sentenceWords,sentenceWordChoices,sentenceTranslateAcceptedAnswers",I'm torn between the pasta and the curry.,I'm torn between the pasta and the curry.,"[""tore"", ""I'll"", ""pizza""]",[],"[""I'm"", ""torn"", ""between"", ""the"", ""pasta and"", ""the"", ""curry""]","[""I'll"", ""tore"", ""pizza""]","[[""파스타랑"", ""커리"", ""중에"", ""고민돼""]]"
4054,54,2,reviewed,"sentenceWordChoices,sentenceTranslateAcceptedAnswers",She's torn about changing jobs.,She's torn about changing jobs.,"[""tore"", ""job"", ""He's""]","[[""job"", ""jobless""]]","[""She's"", ""torn"", ""about"", ""changing"", ""jobs""]","[""jobless"", ""He's"", ""tore""]","[[""걔는"", ""이직할지"", ""말지"", ""마음이"", ""갈려""]]"
4055,54,1,reviewed,sentenceTranslateAcceptedAnswers,This app finds budget-friendly flights.,This app finds budget-friendly flights.,"[""That"", ""find"", ""flight""]",[],"[""This"", ""app"", ""finds"", ""budget-friendly"", ""flights""]","[""That"", ""find"", ""flight""]","[[""이"", ""앱이"", ""저렴한"", ""항공권을"", ""찾아줘""], [""저렴한"", ""항공권을"", ""이"", ""앱이"", ""찾아줘""]]"
4055,54,2,reviewed,"sentenceWords,sentenceWordChoices,sentenceTranslateAcceptedAnswers",We need a budget-friendly plan this month.,We need a budget-friendly plan this month.,"[""needs"", ""next"", ""They""]",[],"[""We"", ""need"", ""a"", ""budget-friendly"", ""plan this month""]","[""They"", ""next"", ""needs""]","[[""이번"", ""달은"", ""돈"", ""아끼는"", ""계획이"", ""필요해""], [""돈"", ""아끼는"", ""계획이"", ""이번"", ""달은"", ""필요해""]]"
4056,64,1,reviewed,"sentenceWords,sentenceWordChoices",I will see my favorite band tonight.,I will see my favorite band tonight.,"[""your"", ""saw"", ""tomorrow""]",[],"[""I"", ""will"", ""see"", ""my"", ""favorite"", ""band tonight""]","[""saw"", ""your"", ""tomorrow""]","[[""오늘"", ""밤에"", ""제일"", ""좋아하는"", ""밴드"", ""봐""], [""제일"", ""좋아하는"", ""밴드"", ""오늘"", ""밤에"", ""봐""]]"
4056,64,2,reviewed,"sentenceWordChoices,sentenceTranslateAcceptedAnswers",I want tickets to see my favorite band.,I want tickets to see my favorite band.,"[""your"", ""ticket"", ""wants""]","[[""ticket"", ""ticketed""]]","[""I"", ""want"", ""tickets"", ""to"", ""see"", ""my"", ""favorite"", ""band""]","[""your"", ""wants"", ""ticketed""]","[[""제일"", ""좋아하는"", ""밴드"", ""보러"", ""갈"", ""티켓"", ""갖고"", ""싶어""]]"
4057,64,1,reviewed,"sentenceWords,sentenceWordChoices,sentenceTranslateAcceptedAnswers",I can go then. Mornings are fine.,I can go then. Mornings are fine.,"[""is"", ""Evenings"", ""went""]",[],"[""I"", ""can"", ""go then Mornings"", ""are"", ""fine""]","[""is"", ""Evenings"", ""went""]","[[""그때"", ""갈"", ""수"", ""있어"", ""아침도"", ""괜찮아""]]"
4057,64,2,reviewed,"sentenceWords,sentenceWordChoices,sentenceTranslateAcceptedAnswers",I can go then. I finish work early.,I can go then. I finish work early.,"[""finished"", ""late"", ""went""]",[],"[""I"", ""can"", ""go then I"", ""finish"", ""work early""]","[""late"", ""finished"", ""went""]","[[""그때"", ""갈"", ""수"", ""있어"", ""그날은"", ""일찍"", ""끝나""]]"
4058,64,1,reviewed,sentenceTranslateAcceptedAnswers,Let me pay half.,Let me pay half.,"[""Let's"", ""paid"", ""all""]",[],"[""Let"", ""me"", ""pay"", ""half""]","[""Let's"", ""paid"", ""all""]","[[""내가"", ""반"", ""낼게""], [""반"", ""내가"", ""낼게""]]"
4058,64,2,reviewed,"sentenceWords,sentenceWordChoices,sentenceTranslateAcceptedAnswers",Yes. I will pay half.,Yes. I will pay half.,"[""all"", ""paid"", ""No""]",[],"[""Yes I"", ""will"", ""pay"", ""half""]","[""paid"", ""No"", ""all""]","[[""응"", ""내가"", ""반"", ""낼게""], [""응"", ""반"", ""내가"", ""낼게""]]"
4059,64,1,reviewed,"sentenceWords,sentenceWordChoices,sentenceTranslateAcceptedAnswers",I slept in a tent. It was fun.,I slept in a tent. It was fun.,"[""boring"", ""sleep"", ""tents""]",[],"[""I"", ""slept in"", ""a"", ""tent It"", ""was"", ""fun""]","[""boring"", ""sleep"", ""tents""]","[[""텐트에서"", ""잤어"", ""재미있었어""]]"
4059,64,2,reviewed,"sentenceWords,sentenceWordChoices,sentenceTranslateAcceptedAnswers",It is in a tent in the yard.,It is in a tent in the yard.,"[""tents"", ""was"", ""yards""]",[],"[""It"", ""is"", ""in"", ""a"", ""tent in the yard""]","[""yards"", ""tents"", ""was""]","[[""마당에"", ""있는"", ""텐트"", ""안에"", ""있어""]]"
4060,64,1,reviewed,"sentenceWords,sentenceWordChoices",I'm definitely going. I already asked for the day off.,I'm definitely going. I already asked for the day off.,"[""I'll"", ""maybe"", ""on""]",[],"[""I'm definitely"", ""going I already"", ""asked"", ""for"", ""the"", ""day"", ""off""]","[""maybe"", ""I'll"", ""on""]","[[""나"", ""무조건"", ""가"", ""벌써"", ""그날"", ""휴가도"", ""냈어""], [""나"", ""무조건"", ""가"", ""그날"", ""휴가도"", ""벌써"", ""냈어""]]"
4060,64,2,reviewed,"sentenceWords,sentenceWordChoices,sentenceTranslateAcceptedAnswers",I'm definitely going unless they cancel it completely.,I'm definitely going unless they cancel it completely.,"[""cancelled"", ""I'll"", ""maybe""]",[],"[""I'm definitely"", ""going unless"", ""they"", ""cancel"", ""it completely""]","[""cancelled"", ""I'll"", ""maybe""]","[[""완전히"", ""취소되지"", ""않는"", ""한"", ""나는"", ""무조건"", ""가""], [""나는"", ""완전히"", ""취소되지"", ""않는"", ""한"", ""무조건"", ""가""]]"
4061,64,1,reviewed,"sentenceText,sentenceWords,sentenceWordChoices,sentenceTranslateAcceptedAnswers","Either weekend works, but I'd need help both times.","Either weekend works, but I'd need help either way.","[""work"", ""weekends"", ""time""]",[],"[""Either"", ""weekend"", ""works but"", ""I'd"", ""need"", ""help either way""]","[""ways"", ""weekends"", ""work""]","[[""어느"", ""주말이든"", ""괜찮은데"", ""어느"", ""쪽이든"", ""도움은"", ""필요해""], [""어느"", ""주말이든"", ""괜찮은데"", ""도움은"", ""어느"", ""쪽이든"", ""필요해""]]"
4061,64,2,reviewed,"sentenceWords,sentenceWordChoices,sentenceTranslateAcceptedAnswers",Either weekend works as long as you tell me early.,Either weekend works as long as you tell me early.,"[""work"", ""late"", ""weekends""]",[],"[""Either"", ""weekend"", ""works as long as"", ""you"", ""tell"", ""me early""]","[""weekends"", ""late"", ""work""]","[[""미리만"", ""말해"", ""주면"", ""어느"", ""주말이든"", ""괜찮아""], [""어느"", ""주말이든"", ""미리만"", ""말해"", ""주면"", ""괜찮아""]]"
4062,64,1,reviewed,"sentenceWords,sentenceWordChoices",Thanks. I'll send you the money as soon as I get home.,Thanks. I'll send you the money as soon as I get home.,"[""Thank"", ""got"", ""sent""]",[],"[""Thanks I'll"", ""send"", ""you"", ""the"", ""money as soon as"", ""I"", ""get"", ""home""]","[""sent"", ""Thank"", ""got""]","[[""고마워"", ""집에"", ""가자마자"", ""돈"", ""보낼게""], [""고마워"", ""돈"", ""집에"", ""가자마자"", ""보낼게""]]"
4062,64,2,reviewed,"sentenceWords,sentenceWordChoices",No problem. I'll send you the money before then.,No problem. I'll send you the money before then.,"[""after"", ""sent"", ""problems""]",[],"[""No"", ""problem I'll"", ""send"", ""you"", ""the"", ""money before then""]","[""after"", ""problems"", ""sent""]","[[""문제없어"", ""그"", ""전에"", ""돈"", ""보낼게""], [""문제없어"", ""돈"", ""그"", ""전에"", ""보낼게""]]"
4063,64,1,reviewed,"sentenceWords,sentenceWordChoices",Then I'll share a room with my cousin.,Then I'll share a room with my cousin.,"[""shared"", ""your"", ""cousins""]","[[""cousins"", ""shares""]]","[""Then I'll"", ""share"", ""a"", ""room"", ""with"", ""my"", ""cousin""]","[""your"", ""shared"", ""shares""]","[[""그럼"", ""사촌이랑"", ""방"", ""같이"", ""쓸래""], [""그럼"", ""방"", ""사촌이랑"", ""같이"", ""쓸래""]]"
4063,64,2,reviewed,"sentenceWords,sentenceWordChoices",That's fine. The girls can share a room.,That's fine. The girls can share a room.,"[""This"", ""girl"", ""shared""]","[[""This"", ""These""]]","[""That's"", ""fine The"", ""girls"", ""can"", ""share"", ""a"", ""room""]","[""shared"", ""girl"", ""These""]","[[""괜찮아"", ""여자애들끼리"", ""방"", ""같이"", ""쓰면"", ""돼""], [""괜찮아"", ""방"", ""여자애들끼리"", ""같이"", ""쓰면"", ""돼""]]"
4064,64,1,reviewed,none,I'm dying to try that new cafe.,I'm dying to try that new cafe.,"[""old"", ""I'll"", ""tried""]",[],"[""I'm"", ""dying"", ""to"", ""try"", ""that"", ""new"", ""cafe""]","[""old"", ""I'll"", ""tried""]","[[""그"", ""새"", ""카페"", ""너무"", ""가보고"", ""싶어""], [""너무"", ""그"", ""새"", ""카페"", ""가보고"", ""싶어""]]"
4064,64,2,reviewed,sentenceWordChoices,She's dying to meet you.,She's dying to meet you.,"[""met"", ""me"", ""He's""]","[[""He's"", ""Him""]]","[""She's"", ""dying"", ""to"", ""meet"", ""you""]","[""me"", ""met"", ""Him""]","[[""걔가"", ""너"", ""진짜"", ""만나고"", ""싶어"", ""해""], [""너"", ""걔가"", ""진짜"", ""만나고"", ""싶어"", ""해""]]"
4065,64,1,reviewed,"sentenceWords,sentenceWordChoices,sentenceTranslateAcceptedAnswers","We don't have much time, but we'll make it work.","We don't have much time, but we'll make it work.","[""little"", ""doesn't"", ""made""]",[],"[""We"", ""don't"", ""have"", ""much"", ""time but"", ""we'll"", ""make"", ""it"", ""work""]","[""doesn't"", ""little"", ""made""]","[[""시간은"", ""없지만"", ""어떻게든"", ""해보자""]]"
4065,64,2,reviewed,"sentenceWords,sentenceWordChoices,sentenceTranslateAcceptedAnswers","The schedule's crazy, but she made it work.","The schedule's crazy, but she made it work.","[""makes"", ""he"", ""schedule""]",[],"[""The"", ""schedule's"", ""crazy but"", ""she"", ""made"", ""it"", ""work""]","[""makes"", ""he"", ""schedule""]","[[""일정이"", ""빡셌는데"", ""걔는"", ""해냈어""]]"
4066,64,1,reviewed,"sentenceWords,sentenceWordChoices,sentenceTranslateAcceptedAnswers",A nice dinner once a month won't break the bank.,A nice dinner once a month won't break the bank.,"[""dinners"", ""twice"", ""broke""]",[],"[""A"", ""nice"", ""dinner once a month"", ""won't"", ""break"", ""the"", ""bank""]","[""twice"", ""broke"", ""dinners""]","[[""한"", ""달에"", ""한"", ""번"", ""근사한"", ""저녁"", ""정도는"", ""부담"", ""안"", ""돼""], [""근사한"", ""저녁"", ""정도는"", ""한"", ""달에"", ""한"", ""번"", ""부담"", ""안"", ""돼""]]"
4066,64,2,reviewed,"sentenceWords,sentenceWordChoices",Buying a new laptop really broke the bank.,Buying a new laptop really broke the bank.,"[""old"", ""Bought"", ""break""]",[],"[""Buying"", ""a"", ""new"", ""laptop really"", ""broke"", ""the"", ""bank""]","[""Bought"", ""break"", ""old""]","[[""새"", ""노트북"", ""사느라"", ""돈이"", ""정말"", ""많이"", ""들었어""], [""돈이"", ""새"", ""노트북"", ""사느라"", ""정말"", ""많이"", ""들었어""]]"
4067,58,1,reviewed,"sentenceWords,sentenceWordChoices",I lent you my umbrella last week.,I lent you my umbrella last week.,"[""next"", ""lend"", ""your""]",[],"[""I"", ""lent"", ""you"", ""my"", ""umbrella last week""]","[""lend"", ""your"", ""next""]","[[""지난주에"", ""내가"", ""너한테"", ""내"", ""우산"", ""빌려줬잖아""], [""내가"", ""지난주에"", ""너한테"", ""내"", ""우산"", ""빌려줬잖아""], [""지난주에"", ""너한테"", ""내가"", ""내"", ""우산"", ""빌려줬잖아""]]"
4067,58,2,reviewed,"sentenceWords,sentenceWordChoices",I lent you that charger on Monday.,I lent you that charger on Monday.,"[""lend"", ""Sunday"", ""this""]","[[""this"", ""those""]]","[""I"", ""lent"", ""you"", ""that"", ""charger on Monday""]","[""Sunday"", ""lend"", ""those""]","[[""월요일에"", ""내가"", ""그"", ""충전기"", ""빌려준"", ""거야""], [""내가"", ""월요일에"", ""그"", ""충전기"", ""빌려준"", ""거야""], [""내가"", ""그"", ""충전기"", ""월요일에"", ""빌려준"", ""거야""]]"
4068,58,1,reviewed,"sentenceWords,sentenceWordChoices",I moved here a month ago.,I moved here a month ago.,"[""week"", ""there"", ""move""]",[],"[""I"", ""moved"", ""here a month ago""]","[""move"", ""week"", ""there""]","[[""나"", ""한"", ""달"", ""전에"", ""여기로"", ""이사"", ""왔어""], [""나"", ""여기로"", ""한"", ""달"", ""전에"", ""이사"", ""왔어""], [""한"", ""달"", ""전에"", ""나"", ""여기로"", ""이사"", ""왔어""]]"
4068,58,2,reviewed,"sentenceWords,sentenceWordChoices,sentenceTranslateAcceptedAnswers",I got it a month ago.,I got it a month ago.,"[""week"", ""get"", ""them""]",[],"[""I"", ""got"", ""it a month ago""]","[""get"", ""week"", ""them""]","[[""한"", ""달"", ""전에"", ""샀어""]]"
4069,58,1,reviewed,"sentenceWords,sentenceWordChoices",I need it now for math.,I need it now for math.,"[""needs"", ""later"", ""them""]",[],"[""I"", ""need"", ""it now for math""]","[""needs"", ""later"", ""them""]","[[""나"", ""지금"", ""수학"", ""시간에"", ""써야"", ""해""], [""지금"", ""나"", ""수학"", ""시간에"", ""써야"", ""해""]]"
4069,58,2,reviewed,"sentenceWords,sentenceWordChoices","I need it now, please.","I need it now, please.","[""them"", ""later"", ""needs""]",[],"[""I"", ""need"", ""it now please""]","[""them"", ""needs"", ""later""]","[[""나"", ""지금"", ""그거"", ""필요해""], [""지금"", ""나"", ""그거"", ""필요해""], [""나"", ""그거"", ""지금"", ""필요해""]]"
4070,58,1,reviewed,"sentenceWords,sentenceWordChoices,sentenceTranslateAcceptedAnswers",I want to study before my test.,I want to study before my test.,"[""wanted"", ""after"", ""studying""]",[],"[""I"", ""want"", ""to"", ""study before"", ""my"", ""test""]","[""after"", ""studying"", ""wanted""]","[[""시험"", ""전에"", ""공부하고"", ""싶어""]]"
4070,58,2,reviewed,"sentenceWords,sentenceWordChoices,sentenceTranslateAcceptedAnswers",Let's go before my test.,Let's go before my test.,"[""after"", ""tests"", ""going""]","[[""tests"", ""tested""]]","[""Let's"", ""go before"", ""my"", ""test""]","[""after"", ""tested"", ""going""]","[[""시험"", ""전에"", ""가자""]]"
4071,58,1,reviewed,none,"Yes, the book I lent you is on the top shelf.","Yes, the book I lent you is on the top shelf.","[""lend"", ""books"", ""bottom""]",[],"[""Yes"", ""the"", ""book"", ""I"", ""lent"", ""you"", ""is"", ""on"", ""the"", ""top"", ""shelf""]","[""lend"", ""books"", ""bottom""]","[[""응"", ""내가"", ""빌려준"", ""그"", ""책"", ""맨"", ""위"", ""칸에"", ""있어""], [""응"", ""맨"", ""위"", ""칸에"", ""내가"", ""빌려준"", ""그"", ""책"", ""있어""]]"
4071,58,2,reviewed,"sentenceWords,sentenceWordChoices",You still have the book I lent you in June.,You still have the book I lent you in June.,"[""July"", ""books"", ""lend""]","[[""books"", ""booked""]]","[""You still"", ""have"", ""the"", ""book"", ""I"", ""lent"", ""you in June""]","[""July"", ""lend"", ""booked""]","[[""6월에"", ""내가"", ""빌려준"", ""그"", ""책"", ""아직"", ""네가"", ""갖고"", ""있잖아""], [""네가"", ""6월에"", ""내가"", ""빌려준"", ""그"", ""책"", ""아직"", ""갖고"", ""있잖아""], [""6월에"", ""내가"", ""빌려준"", ""그"", ""책"", ""네가"", ""아직"", ""갖고"", ""있잖아""]]"
4072,58,1,reviewed,"sentenceWords,sentenceWordChoices",I can't tonight. I have an exam on Monday morning.,I can't tonight. I have an exam on Monday morning.,"[""Sunday"", ""evening"", ""has""]",[],"[""I"", ""can't"", ""tonight I"", ""have"", ""an"", ""exam on Monday morning""]","[""has"", ""Sunday"", ""evening""]","[[""오늘은"", ""안"", ""돼"", ""나"", ""월요일"", ""아침에"", ""시험이"", ""있어""], [""오늘은"", ""안"", ""돼"", ""월요일"", ""아침에"", ""나"", ""시험이"", ""있어""]]"
4072,58,2,reviewed,"sentenceWords,sentenceWordChoices","I'd love to, but I have an exam on Saturday.","I'd love to, but I have an exam on Saturday.","[""Sunday"", ""has"", ""loved""]",[],"[""I'd"", ""love"", ""to"", ""but"", ""I"", ""have"", ""an"", ""exam on Saturday""]","[""Sunday"", ""loved"", ""has""]","[[""가고"", ""싶은데"", ""토요일에"", ""시험이"", ""있어""], [""가고"", ""싶은데"", ""시험이"", ""토요일에"", ""있어""]]"
4073,58,1,reviewed,"sentenceWords,sentenceWordChoices",Could you look for it today instead of waiting?,Could you look for it today instead of waiting?,"[""looked"", ""tomorrow"", ""your""]",[],"[""Could"", ""you"", ""look"", ""for"", ""it today instead of"", ""waiting""]","[""your"", ""tomorrow"", ""looked""]","[[""기다리지"", ""말고"", ""오늘"", ""찾아봐"", ""주면"", ""안"", ""될까""], [""오늘"", ""기다리지"", ""말고"", ""찾아봐"", ""주면"", ""안"", ""될까""]]"
4073,58,2,reviewed,"sentenceWords,sentenceWordChoices",Could you look for it today before dinner?,Could you look for it today before dinner?,"[""after"", ""your"", ""looked""]",[],"[""Could"", ""you"", ""look"", ""for"", ""it today before"", ""dinner""]","[""after"", ""your"", ""looked""]","[[""저녁"", ""먹기"", ""전에"", ""오늘"", ""좀"", ""찾아봐"", ""줄래""], [""오늘"", ""저녁"", ""먹기"", ""전에"", ""좀"", ""찾아봐"", ""줄래""]]"
4074,58,1,reviewed,"sentenceWords,sentenceWordChoices,sentenceTranslateAcceptedAnswers",Please send them by tomorrow morning so I can check.,Please send them by tomorrow morning so I can check.,"[""sent"", ""it"", ""evening""]",[],"[""Please send"", ""them by tomorrow morning so"", ""I"", ""can"", ""check""]","[""it"", ""evening"", ""sent""]","[[""내일"", ""아침까지"", ""보내"", ""주면"", ""내가"", ""확인할게""]]"
4074,58,2,reviewed,"sentenceWords,sentenceWordChoices,sentenceTranslateAcceptedAnswers",You should bring it back by tomorrow morning.,You should bring it back by tomorrow morning.,"[""brought"", ""your"", ""evening""]",[],"[""You"", ""should"", ""bring"", ""it"", ""back by tomorrow morning""]","[""your"", ""evening"", ""brought""]","[[""내일"", ""아침까지"", ""갖다주면"", ""돼""]]"
4075,58,1,reviewed,sentenceTranslateAcceptedAnswers,This photo might jog your memory.,This photo might jog your memory.,"[""jogged"", ""my"", ""photos""]",[],"[""This"", ""photo"", ""might"", ""jog"", ""your"", ""memory""]","[""jogged"", ""my"", ""photos""]","[[""이"", ""사진"", ""보면"", ""기억날지도"", ""몰라""]]"
4075,58,2,reviewed,"sentenceWords,sentenceWordChoices,sentenceTranslateAcceptedAnswers",Say the floor number — it might jog my memory.,Say the floor number — it might jog my memory.,"[""Said"", ""jogged"", ""your""]",[],"[""Say"", ""the"", ""floor"", ""number it"", ""might"", ""jog"", ""my"", ""memory""]","[""jogged"", ""your"", ""Said""]","[[""층수"", ""말해"", ""봐"", ""그럼"", ""기억날"", ""것"", ""같아""]]"
4076,58,1,reviewed,sentenceTranslateAcceptedAnswers,Her birthday is coming up.,Her birthday is coming up.,"[""His"", ""came"", ""birthdays""]",[],"[""Her"", ""birthday"", ""is"", ""coming"", ""up""]","[""His"", ""came"", ""birthdays""]","[[""걔"", ""생일이"", ""다가와""]]"
4076,58,2,reviewed,none,There's a long weekend coming up.,There's a long weekend coming up.,"[""short"", ""Their"", ""came""]",[],"[""There's"", ""a"", ""long"", ""weekend"", ""coming"", ""up""]","[""short"", ""Their"", ""came""]","[[""곧"", ""연휴가"", ""다가와""], [""연휴가"", ""곧"", ""다가와""]]"
4077,58,1,reviewed,"sentenceWords,sentenceWordChoices",We're cutting it close — the train leaves in five minutes.,We're cutting it close — the train leaves in five minutes.,"[""cut"", ""ten"", ""leave""]",[],"[""We're"", ""cutting"", ""it"", ""close the"", ""train"", ""leaves in five minutes""]","[""ten"", ""cut"", ""leave""]","[[""우리"", ""지금"", ""빠듯해"", ""기차가"", ""5분"", ""뒤에"", ""떠나""], [""지금"", ""우리"", ""빠듯해"", ""기차가"", ""5분"", ""뒤에"", ""떠나""]]"
4077,58,2,reviewed,"sentenceWords,sentenceWordChoices,sentenceTranslateAcceptedAnswers","I cut it close, but I made the deadline.","I cut it close, but I made the deadline.","[""make"", ""cuts"", ""deadlines""]",[],"[""I"", ""cut"", ""it"", ""close but"", ""I"", ""made"", ""the"", ""deadline""]","[""make"", ""cuts"", ""deadlines""]","[[""아슬아슬했지만"", ""마감은"", ""맞췄어""]]"
4078,65,1,reviewed,sentenceTranslateAcceptedAnswers,My major is English literature.,My major is English literature.,"[""are"", ""your"", ""majors""]",[],"[""My"", ""major"", ""is"", ""English"", ""literature""]","[""are"", ""your"", ""majors""]","[[""제"", ""전공은"", ""영문학이에요""]]"
4078,65,2,reviewed,sentenceTranslateAcceptedAnswers,"Yes, my major is music.","Yes, my major is music.","[""majors"", ""No"", ""are""]",[],"[""Yes"", ""my"", ""major"", ""is"", ""music""]","[""majors"", ""No"", ""are""]","[[""네"", ""제"", ""전공은"", ""음악이에요""]]"
4079,65,1,reviewed,"sentenceWords,sentenceWordChoices,sentenceTranslateAcceptedAnswers","Yes, I worked at a coffee shop.","Yes, I worked at a coffee shop.","[""shops"", ""No"", ""work""]",[],"[""Yes"", ""I"", ""worked at"", ""a"", ""coffee"", ""shop""]","[""shops"", ""No"", ""work""]","[[""네"", ""커피숍에서"", ""일했어요""]]"
4079,65,2,reviewed,"sentenceWords,sentenceWordChoices,sentenceTranslateAcceptedAnswers",I worked at a big store.,I worked at a big store.,"[""small"", ""stores"", ""work""]",[],"[""I"", ""worked at"", ""a"", ""big"", ""store""]","[""small"", ""work"", ""stores""]","[[""큰"", ""가게에서"", ""일했어요""]]"
4080,65,1,reviewed,"sentenceWords,sentenceWordChoices,sentenceTranslateAcceptedAnswers",I go three days a week.,I go three days a week.,"[""two"", ""month"", ""goes""]",[],"[""I"", ""go three"", ""days"", ""a"", ""week""]","[""goes"", ""month"", ""two""]","[[""일주일에"", ""세"", ""번"", ""가요""]]"
4080,65,2,reviewed,"sentenceWords,sentenceWordChoices,sentenceTranslateAcceptedAnswers","No, only three days a week.","No, only three days a week.","[""two"", ""month"", ""Yes""]",[],"[""No"", ""only three"", ""days"", ""a"", ""week""]","[""month"", ""two"", ""Yes""]","[[""아니요"", ""일주일에"", ""사흘만요""]]"
4081,65,1,reviewed,"sentenceWords,sentenceWordChoices,sentenceTranslateAcceptedAnswers",I can start on Tuesday.,I can start on Tuesday.,"[""Thursday"", ""starts"", ""finish""]",[],"[""I"", ""can"", ""start on"", ""Tuesday""]","[""Thursday"", ""starts"", ""finish""]","[[""화요일에"", ""시작할"", ""수"", ""있어요""]]"
4081,65,2,reviewed,"sentenceWords,sentenceWordChoices,sentenceTranslateAcceptedAnswers","Good, I can start on March first.","Good, I can start on March first.","[""May"", ""starts"", ""second""]",[],"[""Good"", ""I"", ""can"", ""start on March first""]","[""second"", ""May"", ""starts""]","[[""좋아요"", ""3월"", ""1일에"", ""시작할"", ""수"", ""있어요""]]"
4082,65,1,reviewed,"sentenceWords,sentenceWordChoices",I study nursing at the hospital college nearby.,I study nursing at the hospital college nearby.,"[""nurse"", ""studies"", ""far""]",[],"[""I"", ""study"", ""nursing at"", ""the"", ""hospital"", ""college nearby""]","[""studies"", ""far"", ""nurse""]","[[""근처"", ""간호대학에서"", ""간호학을"", ""공부하고"", ""있어요""], [""간호학을"", ""근처"", ""간호대학에서"", ""공부하고"", ""있어요""]]"
4082,65,2,reviewed,"sentenceWords,sentenceWordChoices","No, I study computer science at a two-year college.","No, I study computer science at a two-year college.","[""Yes"", ""studies"", ""four-year""]",[],"[""No"", ""I"", ""study"", ""computer"", ""science at"", ""a"", ""two-year"", ""college""]","[""Yes"", ""four-year"", ""studies""]","[[""아니요"", ""2년제"", ""대학에서"", ""컴퓨터공학을"", ""공부해요""], [""아니요"", ""컴퓨터공학을"", ""2년제"", ""대학에서"", ""공부해요""]]"
4083,65,1,reviewed,"sentenceWords,sentenceWordChoices,sentenceTranslateAcceptedAnswers","Yes, I have experience in handling payments and receipts.","Yes, I have experience in handling payments and receipts.","[""has"", ""handled"", ""No""]",[],"[""Yes"", ""I"", ""have"", ""experience"", ""in"", ""handling"", ""payments and"", ""receipts""]","[""has"", ""handled"", ""No""]","[[""네"", ""결제랑"", ""영수증"", ""처리"", ""경험이"", ""있어요""]]"
4083,65,2,reviewed,"sentenceWords,sentenceWordChoices",That's fine. I have experience in posting for a club.,That's fine. I have experience in posting for a club.,"[""posted"", ""has"", ""clubs""]",[],"[""That's"", ""fine I"", ""have"", ""experience"", ""in"", ""posting"", ""for"", ""a"", ""club""]","[""clubs"", ""posted"", ""has""]","[[""괜찮아요"", ""동아리"", ""계정에"", ""글"", ""올려"", ""본"", ""경험이"", ""있어요""], [""괜찮아요"", ""글"", ""동아리"", ""계정에"", ""올려"", ""본"", ""경험이"", ""있어요""]]"
4084,65,1,reviewed,"sentenceWords,sentenceWordChoices,sentenceTranslateAcceptedAnswers","No problem, I prefer to work evenings anyway.","No problem, I prefer to work evenings anyway.","[""mornings"", ""prefers"", ""Yes""]",[],"[""No"", ""problem"", ""I"", ""prefer"", ""to"", ""work evenings anyway""]","[""prefers"", ""Yes"", ""mornings""]","[[""괜찮아요"", ""저는"", ""원래"", ""저녁에"", ""일하는"", ""게"", ""더"", ""좋아요""], [""괜찮아요"", ""저녁에"", ""일하는"", ""게"", ""저는"", ""원래"", ""더"", ""좋아요""]]"
4084,65,2,reviewed,"sentenceWords,sentenceWordChoices","It does, but I can always work evenings.","It does, but I can always work evenings.","[""do"", ""never"", ""evening""]",[],"[""It"", ""does"", ""but"", ""I"", ""can always work evenings""]","[""never"", ""do"", ""evening""]","[[""바뀌긴"", ""하는데"", ""저녁은"", ""항상"", ""가능해요""], [""바뀌긴"", ""하는데"", ""항상"", ""저녁은"", ""가능해요""]]"
4085,65,1,reviewed,"sentenceWords,sentenceWordChoices,sentenceTranslateAcceptedAnswers",Is that per hour? I want to be sure.,Is that per hour? I want to be sure.,"[""wanted"", ""Are"", ""hours""]",[],"[""Is"", ""that"", ""per"", ""hour I"", ""want"", ""to"", ""be"", ""sure""]","[""Are"", ""wanted"", ""hours""]","[[""그게"", ""시간당인가요"", ""확실히"", ""해"", ""두고"", ""싶어서요""]]"
4085,65,2,reviewed,"sentenceWords,sentenceWordChoices,sentenceTranslateAcceptedAnswers",Is that per hour? I'll be here all day.,Is that per hour? I'll be here all day.,"[""hours"", ""there"", ""Are""]",[],"[""Is"", ""that"", ""per"", ""hour I'll"", ""be"", ""here all day""]","[""Are"", ""there"", ""hours""]","[[""시간당인가요"", ""저"", ""하루"", ""종일"", ""있을"", ""건데요""]]"
4086,65,1,reviewed,"sentenceWords,sentenceWordChoices",Good people skills matter in service jobs.,Good people skills matter in service jobs.,"[""skill"", ""Bad"", ""matters""]",[],"[""Good"", ""people"", ""skills"", ""matter in service jobs""]","[""skill"", ""Bad"", ""matters""]","[[""서비스직에선"", ""대인"", ""능력이"", ""중요해""], [""대인"", ""능력이"", ""서비스직에선"", ""중요해""]]"
4086,65,2,reviewed,sentenceTranslateAcceptedAnswers,He has amazing people skills.,He has amazing people skills.,"[""skill"", ""have"", ""She""]",[],"[""He"", ""has"", ""amazing"", ""people"", ""skills""]","[""skill"", ""have"", ""She""]","[[""걔는"", ""사람"", ""다루는"", ""능력이"", ""뛰어나""], [""사람"", ""다루는"", ""능력이"", ""걔는"", ""뛰어나""]]"
4087,65,1,reviewed,"sentenceWords,sentenceWordChoices,sentenceTranslateAcceptedAnswers",Don't worry — she's a fast learner.,Don't worry — she's a fast learner.,"[""slow"", ""he's"", ""worried""]",[],"[""Don't"", ""worry she's"", ""a"", ""fast"", ""learner""]","[""worried"", ""he's"", ""slow""]","[[""걱정"", ""마"", ""걔"", ""금방"", ""배워""]]"
4087,65,2,reviewed,"sentenceWords,sentenceWordChoices",I'm a fast learner when it comes to machines.,I'm a fast learner when it comes to machines.,"[""slow"", ""machine"", ""learners""]",[],"[""I'm"", ""a"", ""fast"", ""learner when"", ""it"", ""comes"", ""to"", ""machines""]","[""slow"", ""learners"", ""machine""]","[[""저는"", ""기계"", ""다루는"", ""건"", ""금방"", ""배워요""], [""기계"", ""다루는"", ""건"", ""저는"", ""금방"", ""배워요""]]"
4088,65,1,reviewed,"sentenceWords,sentenceWordChoices",Nurses work under pressure every day.,Nurses work under pressure every day.,"[""Nurse"", ""night"", ""works""]",[],"[""Nurses"", ""work"", ""under"", ""pressure every day""]","[""Nurse"", ""night"", ""works""]","[[""간호사들은"", ""매일"", ""압박"", ""속에서"", ""일해""], [""매일"", ""간호사들은"", ""압박"", ""속에서"", ""일해""], [""간호사들은"", ""압박"", ""속에서"", ""매일"", ""일해""]]"
4088,65,2,reviewed,"sentenceWords,sentenceWordChoices",I actually focus better under pressure.,I actually focus better under pressure.,"[""worse"", ""focuses"", ""focused""]",[],"[""I actually"", ""focus"", ""better under"", ""pressure""]","[""focuses"", ""worse"", ""focused""]","[[""난"", ""오히려"", ""압박이"", ""있을"", ""때"", ""더"", ""집중돼""], [""오히려"", ""난"", ""압박이"", ""있을"", ""때"", ""더"", ""집중돼""], [""압박이"", ""있을"", ""때"", ""난"", ""오히려"", ""더"", ""집중돼""]]"
4089,55,1,reviewed,"sentenceWords,sentenceWordChoices",I have a cough every night.,I have a cough every night.,"[""morning"", ""coughs"", ""has""]",[],"[""I"", ""have"", ""a"", ""cough every night""]","[""has"", ""coughs"", ""morning""]","[[""밤마다"", ""기침이"", ""나요""], [""기침이"", ""밤마다"", ""나요""]]"
4089,55,2,reviewed,sentenceTranslateAcceptedAnswers,"Yes, I have a cough.","Yes, I have a cough.","[""coughs"", ""has"", ""No""]",[],"[""Yes"", ""I"", ""have"", ""a"", ""cough""]","[""coughs"", ""has"", ""No""]","[[""네"", ""기침이"", ""나서요""]]"
4090,55,1,reviewed,"sentenceWords,sentenceWordChoices",I was in Busan for two days.,I was in Busan for two days.,"[""were"", ""three"", ""Seoul""]",[],"[""I"", ""was"", ""in"", ""Busan for two days""]","[""were"", ""three"", ""Seoul""]","[[""부산에"", ""이틀"", ""있었어요""], [""이틀"", ""부산에"", ""있었어요""]]"
4090,55,2,reviewed,"sentenceWords,sentenceWordChoices","Yes, I stayed home for two days.","Yes, I stayed home for two days.","[""stay"", ""No"", ""three""]",[],"[""Yes"", ""I"", ""stayed"", ""home for two days""]","[""stay"", ""three"", ""No""]","[[""네"", ""이틀"", ""동안"", ""집에"", ""있었어요""], [""네"", ""집에"", ""이틀"", ""동안"", ""있었어요""]]"
4091,55,1,reviewed,sentenceTranslateAcceptedAnswers,He has a little fever.,He has a little fever.,"[""She"", ""have"", ""big""]",[],"[""He"", ""has"", ""a"", ""little"", ""fever""]","[""She"", ""have"", ""big""]","[[""열이"", ""조금"", ""있어요""], [""조금"", ""열이"", ""있어요""]]"
4091,55,2,reviewed,sentenceTranslateAcceptedAnswers,I had a little fever.,I had a little fever.,"[""have"", ""fevers"", ""big""]",[],"[""I"", ""had"", ""a"", ""little"", ""fever""]","[""have"", ""fevers"", ""big""]","[[""열이"", ""조금"", ""났었어요""], [""조금"", ""열이"", ""났었어요""]]"
4092,55,1,reviewed,"sentenceWords,sentenceWordChoices,sentenceTranslateAcceptedAnswers",I can come at ten.,I can come at ten.,"[""nine"", ""comes"", ""go""]","[[""go"", ""going""]]","[""I"", ""can"", ""come at"", ""ten""]","[""nine"", ""comes"", ""going""]","[[""10시에"", ""갈"", ""수"", ""있어요""]]"
4092,55,2,reviewed,"sentenceWords,sentenceWordChoices,sentenceTranslateAcceptedAnswers",Then I can come at nine.,Then I can come at nine.,"[""comes"", ""ten"", ""go""]","[[""go"", ""going""]]","[""Then I"", ""can"", ""come at"", ""nine""]","[""going"", ""ten"", ""comes""]","[[""그럼"", ""9시에"", ""갈게요""]]"
4093,55,1,reviewed,"sentenceWords,sentenceWordChoices,sentenceTranslateAcceptedAnswers","I'm not feeling well, so I might go home early.","I'm not feeling well, so I might go home early.","[""went"", ""feel"", ""late""]",[],"[""I'm"", ""not"", ""feeling"", ""well so"", ""I"", ""might"", ""go"", ""home early""]","[""went"", ""late"", ""feel""]","[[""몸이"", ""좀"", ""안"", ""좋아서"", ""일찍"", ""들어갈까"", ""해요""]]"
4093,55,2,reviewed,"sentenceWords,sentenceWordChoices","I'm not feeling well tonight, so I'll skip it.","I'm not feeling well tonight, so I'll skip it.","[""feel"", ""skipped"", ""them""]",[],"[""I'm"", ""not"", ""feeling"", ""well tonight so"", ""I'll"", ""skip"", ""it""]","[""feel"", ""them"", ""skipped""]","[[""오늘은"", ""몸이"", ""안"", ""좋아서"", ""저는"", ""빠질게요""], [""저는"", ""오늘은"", ""몸이"", ""안"", ""좋아서"", ""빠질게요""]]"
4094,55,1,reviewed,sentenceTranslateAcceptedAnswers,"Not much, and I'm afraid it will get worse.","Not much, and I'm afraid it will get worse.","[""got"", ""little"", ""better""]",[],"[""Not"", ""much"", ""and"", ""I'm"", ""afraid"", ""it"", ""will"", ""get"", ""worse""]","[""got"", ""little"", ""better""]","[[""별로요"", ""더"", ""심해질까"", ""봐"", ""걱정돼요""]]"
4094,55,2,reviewed,"sentenceWords,sentenceWordChoices,sentenceTranslateAcceptedAnswers",I'd rather not. It might get worse by then.,I'd rather not. It might get worse by then.,"[""now"", ""better"", ""got""]",[],"[""I'd"", ""rather"", ""not It"", ""might"", ""get"", ""worse by then""]","[""now"", ""better"", ""got""]","[[""그러긴"", ""좀"", ""그래요"", ""그때쯤엔"", ""더"", ""심해질"", ""수도"", ""있어서요""]]"
4095,55,1,reviewed,"sentenceWords,sentenceWordChoices,sentenceTranslateAcceptedAnswers","Sure, that works for me. I'm free after lunch.","Sure, that works for me. I'm free after lunch.","[""work"", ""before"", ""dinner""]",[],"[""Sure"", ""that"", ""works"", ""for"", ""me I'm"", ""free after"", ""lunch""]","[""before"", ""work"", ""dinner""]","[[""네"", ""저는"", ""괜찮아요"", ""점심"", ""이후로는"", ""시간"", ""돼요""], [""네"", ""저는"", ""괜찮아요"", ""시간"", ""돼요"", ""점심"", ""이후로는""]]"
4095,55,2,reviewed,"sentenceWords,sentenceWordChoices,sentenceTranslateAcceptedAnswers","That works for me, thank you.","That works for me, thank you.","[""This"", ""work"", ""thanks""]","[[""thanks"", ""thanking""], [""This"", ""Those""]]","[""That"", ""works"", ""for"", ""me thank"", ""you""]","[""Those"", ""thanking"", ""work""]","[[""그렇게"", ""해"", ""주시면"", ""좋죠"", ""감사합니다""]]"
4096,55,1,reviewed,"sentenceWords,sentenceWordChoices,sentenceTranslateAcceptedAnswers","No, I'd rather pay in cash today.","No, I'd rather pay in cash today.","[""Yes"", ""paid"", ""card""]",[],"[""No"", ""I'd"", ""rather"", ""pay"", ""in"", ""cash today""]","[""Yes"", ""paid"", ""card""]","[[""아니요"", ""오늘은"", ""현금으로"", ""낼게요""], [""아니요"", ""현금으로"", ""오늘은"", ""낼게요""]]"
4096,55,2,reviewed,"sentenceWords,sentenceWordChoices,sentenceTranslateAcceptedAnswers",That's fine. I can pay in cash.,That's fine. I can pay in cash.,"[""paid"", ""pays"", ""card""]",[],"[""That's"", ""fine I"", ""can"", ""pay in"", ""cash""]","[""pays"", ""paid"", ""card""]","[[""괜찮아요"", ""현금으로"", ""낼"", ""수"", ""있어요""]]"
4097,55,1,reviewed,"sentenceWords,sentenceWordChoices,sentenceTranslateAcceptedAnswers",I woke up with a sore throat today.,I woke up with a sore throat today.,"[""wake"", ""yesterday"", ""down""]",[],"[""I"", ""woke"", ""up"", ""with"", ""a"", ""sore"", ""throat today""]","[""down"", ""wake"", ""yesterday""]","[[""오늘"", ""아침에"", ""일어나니까"", ""목이"", ""아프더라""]]"
4097,55,2,reviewed,sentenceTranslateAcceptedAnswers,Her sore throat turned into a bad cold.,Her sore throat turned into a bad cold.,"[""turn"", ""His"", ""good""]",[],"[""Her"", ""sore"", ""throat"", ""turned"", ""into"", ""a"", ""bad"", ""cold""]","[""turn"", ""His"", ""good""]","[[""걔는"", ""목이"", ""아프더니"", ""심한"", ""감기로"", ""번졌어""]]"
4098,55,1,reviewed,"sentenceWords,sentenceWordChoices",That flu knocked me out for a week.,That flu knocked me out for a week.,"[""month"", ""knock"", ""This""]","[[""This"", ""These""]]","[""That"", ""flu"", ""knocked"", ""me"", ""out for a week""]","[""These"", ""month"", ""knock""]","[[""그"", ""독감"", ""때문에"", ""일주일을"", ""완전히"", ""뻗어"", ""있었어""], [""일주일을"", ""그"", ""독감"", ""때문에"", ""완전히"", ""뻗어"", ""있었어""]]"
4098,55,2,reviewed,"sentenceWords,sentenceWordChoices",The long hike knocked us out completely.,The long hike knocked us out completely.,"[""knock"", ""short"", ""them""]",[],"[""The"", ""long"", ""hike"", ""knocked"", ""us"", ""out completely""]","[""knock"", ""short"", ""them""]","[[""긴"", ""등산에"", ""우리"", ""다"", ""완전히"", ""뻗었어""], [""우리"", ""다"", ""긴"", ""등산에"", ""완전히"", ""뻗었어""]]"
4099,55,1,reviewed,"sentenceWordChoices,sentenceTranslateAcceptedAnswers",Dental isn't covered by my plan.,Dental isn't covered by my plan.,"[""your"", ""plans"", ""is""]","[[""plans"", ""planning""]]","[""Dental"", ""isn't"", ""covered"", ""by"", ""my"", ""plan""]","[""planning"", ""is"", ""your""]","[[""내"", ""보험은"", ""치과가"", ""적용이"", ""안"", ""돼""], [""치과가"", ""내"", ""보험은"", ""적용이"", ""안"", ""돼""]]"
4099,55,2,reviewed,"sentenceWords,sentenceWordChoices",The medication is fully covered.,The medication is fully covered.,"[""partly"", ""are"", ""medications""]",[],"[""The"", ""medication"", ""is fully covered""]","[""partly"", ""are"", ""medications""]","[[""그"", ""약은"", ""전액"", ""보험"", ""처리돼요""], [""그"", ""약은"", ""보험"", ""전액"", ""처리돼요""]]"
4100,67,1,reviewed,"sentenceWords,sentenceWordChoices",I am a student here at City College.,I am a student here at City College.,"[""are"", ""in"", ""students""]",[],"[""I"", ""am"", ""a"", ""student here at"", ""City"", ""College""]","[""in"", ""are"", ""students""]","[[""저"", ""여기"", ""시티"", ""칼리지"", ""학생이에요""], [""여기"", ""저"", ""시티"", ""칼리지"", ""학생이에요""]]"
4100,67,2,reviewed,"sentenceWords,sentenceWordChoices","Yes, I am a student here.","Yes, I am a student here.","[""there"", ""students"", ""are""]",[],"[""Yes"", ""I"", ""am"", ""a"", ""student here""]","[""students"", ""are"", ""there""]","[[""네"", ""저"", ""여기"", ""학생이에요""], [""네"", ""여기"", ""저"", ""학생이에요""]]"
4101,67,1,reviewed,"sentenceWords,sentenceWordChoices,sentenceTranslateAcceptedAnswers","Yes, every month for my rent.","Yes, every month for my rent.","[""months"", ""your"", ""No""]",[],"[""Yes"", ""every"", ""month for"", ""my"", ""rent""]","[""No"", ""your"", ""months""]","[[""네"", ""매달"", ""집세로요""]]"
4101,67,2,reviewed,none,About six hundred for my rent.,About six hundred for my rent.,"[""thousand"", ""your"", ""seven""]",[],"[""About"", ""six"", ""hundred"", ""for"", ""my"", ""rent""]","[""thousand"", ""your"", ""seven""]","[[""집세로"", ""600"", ""정도요""], [""600"", ""정도요"", ""집세로""]]"
4102,67,1,reviewed,"sentenceWords,sentenceWordChoices,sentenceTranslateAcceptedAnswers","Sure, I have my passport with me.","Sure, I have my passport with me.","[""him"", ""has"", ""your""]",[],"[""Sure"", ""I"", ""have"", ""my"", ""passport with me""]","[""your"", ""him"", ""has""]","[[""네"", ""여권"", ""가지고"", ""있어요""]]"
4102,67,2,reviewed,"sentenceWords,sentenceWordChoices","Yes, I have my passport in my bag.","Yes, I have my passport in my bag.","[""has"", ""bags"", ""No""]",[],"[""Yes"", ""I"", ""have"", ""my"", ""passport in my bag""]","[""No"", ""has"", ""bags""]","[[""네"", ""여권"", ""가방에"", ""있어요""], [""네"", ""가방에"", ""여권"", ""있어요""]]"
4103,67,1,reviewed,"sentenceWords,sentenceWordChoices,sentenceTranslateAcceptedAnswers","I need it soon, if possible.","I need it soon, if possible.","[""needs"", ""impossible"", ""later""]",[],"[""I"", ""need"", ""it soon if possible""]","[""later"", ""needs"", ""impossible""]","[[""가능하면"", ""빨리"", ""받고"", ""싶어요""]]"
4103,67,2,reviewed,"sentenceWords,sentenceWordChoices,sentenceTranslateAcceptedAnswers","Yes, I need it soon.","Yes, I need it soon.","[""later"", ""No"", ""needs""]",[],"[""Yes"", ""I"", ""need"", ""it soon""]","[""No"", ""later"", ""needs""]","[[""네"", ""빨리"", ""필요해요""]]"
4104,67,1,reviewed,"sentenceWords,sentenceWordChoices,sentenceTranslateAcceptedAnswers","I just moved here last week, so I don't have one yet.","I just moved here last week, so I don't have one yet.","[""moves"", ""next"", ""there""]",[],"[""I just moved"", ""here last week so"", ""I"", ""don't"", ""have"", ""one yet""]","[""moves"", ""there"", ""next""]","[[""지난주에"", ""막"", ""이사"", ""와서"", ""아직"", ""없어요""]]"
4104,67,2,reviewed,"sentenceWords,sentenceWordChoices","No, I just moved here from Korea last month.","No, I just moved here from Korea last month.","[""next"", ""moves"", ""Yes""]",[],"[""No"", ""I just moved"", ""here from Korea last month""]","[""moves"", ""next"", ""Yes""]","[[""아니요"", ""지난달에"", ""한국에서"", ""막"", ""이사"", ""왔어요""], [""아니요"", ""한국에서"", ""지난달에"", ""막"", ""이사"", ""왔어요""]]"
4105,67,1,reviewed,"sentenceWords,sentenceWordChoices,sentenceTranslateAcceptedAnswers",I think I need a checking one to get my salary.,I think I need a checking one to get my salary.,"[""savings"", ""your"", ""needs""]",[],"[""I"", ""think"", ""I"", ""need"", ""a"", ""checking"", ""one to"", ""get"", ""my"", ""salary""]","[""needs"", ""savings"", ""your""]","[[""월급"", ""받으려면"", ""입출금"", ""계좌가"", ""있어야"", ""할"", ""것"", ""같아요""]]"
4105,67,2,reviewed,"sentenceWords,sentenceWordChoices,sentenceTranslateAcceptedAnswers",They asked for my account number to get my salary.,They asked for my account number to get my salary.,"[""numbers"", ""your"", ""ask""]",[],"[""They"", ""asked"", ""for"", ""my"", ""account"", ""number to"", ""get"", ""my"", ""salary""]","[""ask"", ""your"", ""numbers""]","[[""월급"", ""받으려면"", ""계좌번호가"", ""필요하대요""]]"
4106,67,1,reviewed,"sentenceWords,sentenceWordChoices,sentenceTranslateAcceptedAnswers","I'll go with the simpler one, please.","I'll go with the simpler one, please.","[""We'll"", ""goes"", ""simple""]","[[""simple"", ""simply""]]","[""I'll"", ""go"", ""with"", ""the"", ""simpler"", ""one please""]","[""We'll"", ""goes"", ""simply""]","[[""더"", ""간단한"", ""쪽으로"", ""할게요""]]"
4106,67,2,reviewed,"sentenceWordChoices,sentenceTranslateAcceptedAnswers",The simpler one is enough for me.,The simpler one is enough for me.,"[""are"", ""simple"", ""you""]","[[""simple"", ""simply""]]","[""The"", ""simpler"", ""one"", ""is"", ""enough"", ""for"", ""me""]","[""you"", ""are"", ""simply""]","[[""더"", ""간단한"", ""쪽이면"", ""충분해요""]]"
4107,67,1,reviewed,"sentenceWords,sentenceWordChoices,sentenceTranslateAcceptedAnswers",I can send it by the end of the week.,I can send it by the end of the week.,"[""weeks"", ""sends"", ""start""]",[],"[""I"", ""can"", ""send"", ""it by the end of the week""]","[""sends"", ""start"", ""weeks""]","[[""이번"", ""주말까지"", ""보내드릴"", ""수"", ""있어요""]]"
4107,67,2,reviewed,"sentenceWords,sentenceWordChoices,sentenceTranslateAcceptedAnswers","If possible, by the end of the week.","If possible, by the end of the week.","[""impossible"", ""start"", ""weeks""]",[],"[""If"", ""possible by"", ""the"", ""end"", ""of"", ""the"", ""week""]","[""weeks"", ""start"", ""impossible""]","[[""가능하면"", ""이번"", ""주말까지요""]]"
4108,67,1,reviewed,none,My part-time job covers most of my living expenses.,My part-time job covers most of my living expenses.,"[""cover"", ""your"", ""full-time""]",[],"[""My"", ""part-time"", ""job"", ""covers"", ""most"", ""of"", ""my"", ""living"", ""expenses""]","[""cover"", ""your"", ""full-time""]","[[""아르바이트로"", ""생활비를"", ""거의"", ""다"", ""충당해""], [""생활비를"", ""아르바이트로"", ""거의"", ""다"", ""충당해""]]"
4108,67,2,reviewed,"sentenceWords,sentenceWordChoices",Living expenses here are higher than I expected.,Living expenses here are higher than I expected.,"[""is"", ""there"", ""lower""]",[],"[""Living"", ""expenses here"", ""are"", ""higher"", ""than"", ""I"", ""expected""]","[""is"", ""there"", ""lower""]","[[""여기"", ""생활비가"", ""생각보다"", ""비싸네""], [""생각보다"", ""여기"", ""생활비가"", ""비싸네""]]"
4109,67,1,reviewed,"sentenceWords,sentenceWordChoices",That would tie up my cash for too long.,That would tie up my cash for too long.,"[""your"", ""short"", ""tied""]",[],"[""That"", ""would"", ""tie up my"", ""cash for too long""]","[""short"", ""tied"", ""your""]","[[""그러면"", ""현금이"", ""너무"", ""오래"", ""묶여요""], [""그러면"", ""너무"", ""오래"", ""현금이"", ""묶여요""]]"
4109,67,2,reviewed,"sentenceWords,sentenceWordChoices",I'd rather not tie up that much at once.,I'd rather not tie up that much at once.,"[""twice"", ""tied"", ""little""]",[],"[""I'd"", ""rather"", ""not"", ""tie up that"", ""much at once""]","[""little"", ""tied"", ""twice""]","[[""한"", ""번에"", ""그렇게"", ""많이"", ""묶어"", ""두긴"", ""좀"", ""그래요""], [""그렇게"", ""많이"", ""한"", ""번에"", ""묶어"", ""두긴"", ""좀"", ""그래요""]]"
4110,67,1,reviewed,"sentenceWords,sentenceWordChoices","Sorry, I don't have any cash on me.","Sorry, I don't have any cash on me.","[""some"", ""had"", ""you""]","[[""some"", ""many""]]","[""Sorry"", ""I"", ""don't"", ""have"", ""any"", ""cash on me""]","[""you"", ""many"", ""had""]","[[""죄송해요"", ""지금"", ""현금이"", ""하나도"", ""없어요""], [""죄송해요"", ""현금이"", ""지금"", ""하나도"", ""없어요""]]"
4110,67,2,reviewed,"sentenceWords,sentenceWordChoices,sentenceTranslateAcceptedAnswers",I have it on me — one second.,I have it on me — one second.,"[""two"", ""you"", ""had""]",[],"[""I"", ""have"", ""it"", ""on"", ""me one"", ""second""]","[""two"", ""had"", ""you""]","[[""갖고"", ""있어요"", ""잠시만요""]]"
4111,42,1,reviewed,"sentenceWords,sentenceWordChoices",It comes around four o'clock every day.,It comes around four o'clock every day.,"[""come"", ""five"", ""days""]",[],"[""It"", ""comes around"", ""four"", ""o'clock every"", ""day""]","[""come"", ""five"", ""days""]","[[""매일"", ""4시쯤에"", ""와""], [""4시쯤에"", ""매일"", ""와""]]"
4111,42,2,reviewed,"sentenceWords,sentenceWordChoices,sentenceTranslateAcceptedAnswers",I will be back around seven o'clock.,I will be back around seven o'clock.,"[""eight"", ""won't"", ""am""]",[],"[""I"", ""will"", ""be"", ""back around seven o'clock""]","[""won't"", ""am"", ""eight""]","[[""7시쯤에"", ""돌아올게""]]"
4112,42,1,reviewed,sentenceTranslateAcceptedAnswers,"Yes, but it's a little heavy.","Yes, but it's a little heavy.","[""is"", ""light"", ""No""]",[],"[""Yes"", ""but"", ""it's"", ""a"", ""little"", ""heavy""]","[""is"", ""light"", ""No""]","[[""응"", ""근데"", ""좀"", ""무거워""]]"
4112,42,2,reviewed,"sentenceWords,sentenceWordChoices,sentenceTranslateAcceptedAnswers","Thanks, it's a little heavy today.","Thanks, it's a little heavy today.","[""Thank"", ""tomorrow"", ""is""]",[],"[""Thanks"", ""it's"", ""a"", ""little"", ""heavy today""]","[""tomorrow"", ""Thank"", ""is""]","[[""고마워"", ""오늘은"", ""좀"", ""무거워""]]"
4113,42,1,reviewed,sentenceTranslateAcceptedAnswers,"No, you can sign it.","No, you can sign it.","[""Yes"", ""they"", ""signed""]",[],"[""No"", ""you"", ""can"", ""sign"", ""it""]","[""Yes"", ""they"", ""signed""]","[[""아니"", ""네가"", ""사인해도"", ""돼""]]"
4113,42,2,reviewed,"sentenceWords,sentenceWordChoices,sentenceTranslateAcceptedAnswers","Yes, you can sign it with my name.","Yes, you can sign it with my name.","[""your"", ""No"", ""signed""]",[],"[""Yes"", ""you"", ""can"", ""sign"", ""it with"", ""my"", ""name""]","[""signed"", ""your"", ""No""]","[[""응"", ""내"", ""이름으로"", ""사인해"", ""줘""]]"
4114,42,1,reviewed,sentenceTranslateAcceptedAnswers,"Yes, that helps a lot.","Yes, that helps a lot.","[""No"", ""help"", ""little""]",[],"[""Yes"", ""that"", ""helps"", ""a"", ""lot""]","[""No"", ""help"", ""little""]","[[""응"", ""그러면"", ""정말"", ""도움이"", ""돼""]]"
4114,42,2,reviewed,"sentenceWords,sentenceWordChoices","Yes, that helps a lot today.","Yes, that helps a lot today.","[""help"", ""tomorrow"", ""No""]",[],"[""Yes"", ""that"", ""helps"", ""a"", ""lot today""]","[""tomorrow"", ""No"", ""help""]","[[""응"", ""오늘은"", ""그게"", ""정말"", ""도움이"", ""돼""], [""응"", ""그게"", ""오늘은"", ""정말"", ""도움이"", ""돼""]]"
4115,42,1,reviewed,"sentenceWords,sentenceWordChoices,sentenceTranslateAcceptedAnswers","Hold the bottom and be careful with the handle, it's loose.","Hold the bottom and be careful with the handle, it's loose.","[""handles"", ""careless"", ""top""]",[],"[""Hold"", ""the"", ""bottom and"", ""be"", ""careful"", ""with"", ""the"", ""handle it's"", ""loose""]","[""handles"", ""top"", ""careless""]","[[""밑을"", ""잡고"", ""손잡이는"", ""조심해"", ""좀"", ""헐거워""]]"
4115,42,2,reviewed,"sentenceWords,sentenceWordChoices,sentenceTranslateAcceptedAnswers","Sure, but be careful with that bag, my laptop is inside.","Sure, but be careful with that bag, my laptop is inside.","[""bags"", ""careless"", ""outside""]",[],"[""Sure"", ""but"", ""be"", ""careful"", ""with"", ""that"", ""bag my"", ""laptop"", ""is"", ""inside""]","[""careless"", ""bags"", ""outside""]","[[""그래"", ""근데"", ""그"", ""가방"", ""조심해"", ""줘"", ""노트북"", ""들어"", ""있어""]]"
4116,42,1,reviewed,"sentenceWordChoices,sentenceTranslateAcceptedAnswers","Of course, I trust you with my key.","Of course, I trust you with my key.","[""keys"", ""your"", ""trusted""]","[[""keys"", ""keyed""]]","[""Of"", ""course"", ""I"", ""trust"", ""you"", ""with"", ""my"", ""key""]","[""your"", ""trusted"", ""keyed""]","[[""당연하지"", ""열쇠"", ""맡길"", ""만큼"", ""널"", ""믿어""]]"
4116,42,2,reviewed,"sentenceWords,sentenceWordChoices,sentenceTranslateAcceptedAnswers","Take your time, I trust you.","Take your time, I trust you.","[""my"", ""Took"", ""trusted""]",[],"[""Take"", ""your"", ""time I"", ""trust"", ""you""]","[""trusted"", ""Took"", ""my""]","[[""천천히"", ""줘"", ""난"", ""너"", ""믿어""]]"
4117,42,1,reviewed,"sentenceWords,sentenceWordChoices,sentenceTranslateAcceptedAnswers","No, please keep it in your room so it stays dry.","No, please keep it in your room so it stays dry.","[""kept"", ""Yes"", ""wet""]",[],"[""No"", ""please"", ""keep"", ""it"", ""in"", ""your"", ""room so"", ""it"", ""stays"", ""dry""]","[""kept"", ""wet"", ""Yes""]","[[""아니"", ""안"", ""젖게"", ""네"", ""방에"", ""좀"", ""넣어"", ""둬""]]"
4117,42,2,reviewed,"sentenceWords,sentenceWordChoices,sentenceTranslateAcceptedAnswers","Yes, so could you keep it in your room while I'm gone?","Yes, so could you keep it in your room while I'm gone?","[""No"", ""my"", ""kept""]",[],"[""Yes"", ""so"", ""could"", ""you"", ""keep"", ""it"", ""in"", ""your"", ""room while"", ""I'm"", ""gone""]","[""my"", ""kept"", ""No""]","[[""응"", ""그래서"", ""나"", ""없는"", ""동안"", ""네"", ""방에"", ""좀"", ""둬"", ""줄래""], [""응"", ""그래서"", ""네"", ""방에"", ""나"", ""없는"", ""동안"", ""좀"", ""둬"", ""줄래""]]"
4118,42,1,reviewed,"sentenceWords,sentenceWordChoices,sentenceTranslateAcceptedAnswers","Yes, please, I'll be home by nine at the latest.","Yes, please, I'll be home by nine at the latest.","[""No"", ""earliest"", ""ten""]",[],"[""Yes"", ""please"", ""I'll"", ""be"", ""home by nine at the latest""]","[""No"", ""earliest"", ""ten""]","[[""응"", ""부탁해"", ""늦어도"", ""9시까지는"", ""집에"", ""올게""], [""응"", ""부탁해"", ""집에"", ""늦어도"", ""9시까지는"", ""올게""]]"
4118,42,2,reviewed,"sentenceWords,sentenceWordChoices,sentenceTranslateAcceptedAnswers","Come after seven, I'll be home by six thirty.","Come after seven, I'll be home by six thirty.","[""eight"", ""before"", ""forty""]",[],"[""Come"", ""after"", ""seven"", ""I'll"", ""be"", ""home by six thirty""]","[""before"", ""forty"", ""eight""]","[[""7시"", ""넘어서"", ""와"", ""난"", ""6시"", ""반까지는"", ""집에"", ""올게""], [""7시"", ""넘어서"", ""와"", ""난"", ""집에"", ""6시"", ""반까지는"", ""올게""]]"
4119,42,1,reviewed,sentenceWordChoices,Could you do me a favor and water my plants?,Could you do me a favor and water my plants?,"[""did"", ""your"", ""plant""]","[[""plant"", ""planted""]]","[""Could"", ""you"", ""do"", ""me"", ""a"", ""favor"", ""and"", ""water"", ""my"", ""plants""]","[""your"", ""did"", ""planted""]","[[""부탁인데"", ""우리"", ""집"", ""화분에"", ""물"", ""좀"", ""줄래""], [""부탁인데"", ""물"", ""좀"", ""우리"", ""집"", ""화분에"", ""줄래""]]"
4119,42,2,reviewed,"sentenceWords,sentenceWordChoices",Do me a favor — don't tell anyone yet.,Do me a favor — don't tell anyone yet.,"[""you"", ""told"", ""Did""]",[],"[""Do"", ""me"", ""a"", ""favor don't"", ""tell"", ""anyone yet""]","[""Did"", ""told"", ""you""]","[[""부탁이니까"", ""아직"", ""아무한테도"", ""말하지"", ""마""], [""부탁이니까"", ""아무한테도"", ""아직"", ""말하지"", ""마""]]"
4120,42,1,reviewed,sentenceTranslateAcceptedAnswers,You have to sign for registered mail.,You have to sign for registered mail.,"[""had"", ""I"", ""signed""]",[],"[""You"", ""have"", ""to"", ""sign"", ""for"", ""registered"", ""mail""]","[""had"", ""I"", ""signed""]","[[""등기"", ""우편은"", ""수령"", ""서명을"", ""해야"", ""해""]]"
4120,42,2,reviewed,"sentenceTranslation,sentenceTranslateWords,sentenceTranslateWordChoices,sentenceTranslateAcceptedAnswers",The courier asked me to sign for the box.,The courier asked me to sign for the box.,"[""boxes"", ""ask"", ""you""]",[],"[""The"", ""courier"", ""asked"", ""me"", ""to"", ""sign"", ""for"", ""the"", ""box""]","[""boxes"", ""ask"", ""you""]","[[""택배"", ""기사님이"", ""상자"", ""수령"", ""서명을"", ""해"", ""달라고"", ""하셨어""], [""상자"", ""수령"", ""서명을"", ""택배"", ""기사님이"", ""해"", ""달라고"", ""하셨어""]]"
4121,42,1,reviewed,"sentenceWords,sentenceWordChoices",She accepted the award on his behalf.,She accepted the award on his behalf.,"[""accept"", ""her"", ""awards""]","[[""her"", ""hers""]]","[""She"", ""accepted"", ""the"", ""award on"", ""his"", ""behalf""]","[""accept"", ""hers"", ""awards""]","[[""걔가"", ""그"", ""사람"", ""대신"", ""상을"", ""받았어""], [""그"", ""사람"", ""대신"", ""걔가"", ""상을"", ""받았어""]]"
4121,42,2,reviewed,"sentenceWords,sentenceWordChoices",My lawyer will speak on my behalf.,My lawyer will speak on my behalf.,"[""lawyers"", ""Your"", ""spoke""]","[[""lawyers"", ""lawful""]]","[""My"", ""lawyer"", ""will"", ""speak on"", ""my"", ""behalf""]","[""Your"", ""lawful"", ""spoke""]","[[""변호사가"", ""저"", ""대신"", ""발언할"", ""거예요""], [""저"", ""대신"", ""변호사가"", ""발언할"", ""거예요""]]"
4122,62,1,reviewed,"sentenceWords,sentenceWordChoices,sentenceTranslateAcceptedAnswers","Yes, I had it at the library.","Yes, I had it at the library.","[""No"", ""have"", ""libraries""]",[],"[""Yes"", ""I"", ""had"", ""it at the library""]","[""have"", ""No"", ""libraries""]","[[""응"", ""도서관에서는"", ""가지고"", ""있었어""]]"
4122,62,2,reviewed,"sentenceWords,sentenceWordChoices,sentenceTranslateAcceptedAnswers","I had it at lunch, around noon.","I had it at lunch, around noon.","[""dinner"", ""midnight"", ""have""]",[],"[""I"", ""had"", ""it at lunch around noon""]","[""have"", ""midnight"", ""dinner""]","[[""점심때"", ""가지고"", ""있었어"", ""정오쯤에""]]"
4123,62,1,reviewed,"sentenceWords,sentenceWordChoices,sentenceTranslateAcceptedAnswers","Yes, so I should call the bank too.","Yes, so I should call the bank too.","[""banks"", ""No"", ""called""]","[[""banks"", ""banking""]]","[""Yes"", ""so"", ""I"", ""should"", ""call"", ""the"", ""bank too""]","[""No"", ""banking"", ""called""]","[[""응"", ""그래서"", ""은행에도"", ""전화해야겠어""]]"
4123,62,2,reviewed,"sentenceWords,sentenceWordChoices","No, I should call my mom tonight.","No, I should call my mom tonight.","[""Yes"", ""called"", ""your""]",[],"[""No"", ""I"", ""should"", ""call"", ""my"", ""mom tonight""]","[""called"", ""your"", ""Yes""]","[[""아니"", ""오늘"", ""밤에"", ""엄마한테"", ""전화해야겠어""], [""아니"", ""엄마한테"", ""오늘"", ""밤에"", ""전화해야겠어""]]"
4124,62,1,reviewed,sentenceTranslateAcceptedAnswers,"Yes, so I will change my password.","Yes, so I will change my password.","[""No"", ""your"", ""changed""]",[],"[""Yes"", ""so"", ""I"", ""will"", ""change"", ""my"", ""password""]","[""No"", ""your"", ""changed""]","[[""응"", ""그래서"", ""비밀번호"", ""바꿀"", ""거야""]]"
4124,62,2,reviewed,sentenceTranslateAcceptedAnswers,"Yes, I need to change my password.","Yes, I need to change my password.","[""No"", ""changed"", ""your""]",[],"[""Yes"", ""I"", ""need"", ""to"", ""change"", ""my"", ""password""]","[""No"", ""changed"", ""your""]","[[""응"", ""비밀번호"", ""바꿔야"", ""해서""]]"
4125,62,1,reviewed,sentenceTranslateAcceptedAnswers,"Not really, but it's important to me.","Not really, but it's important to me.","[""is"", ""unimportant"", ""you""]",[],"[""Not"", ""really"", ""but"", ""it's"", ""important"", ""to"", ""me""]","[""is"", ""unimportant"", ""you""]","[[""별로"", ""안"", ""비싼데"", ""나한테는"", ""소중해""]]"
4125,62,2,reviewed,"sentenceWords,sentenceWordChoices,sentenceTranslateAcceptedAnswers","It's important to me, not to other people.","It's important to me, not to other people.","[""is"", ""same"", ""unimportant""]",[],"[""It's"", ""important"", ""to"", ""me not"", ""to"", ""other"", ""people""]","[""unimportant"", ""is"", ""same""]","[[""남들한테는"", ""몰라도"", ""나한테는"", ""소중해""]]"
4126,62,1,reviewed,sentenceTranslateAcceptedAnswers,The last time I saw it was before the movie started.,The last time I saw it was before the movie started.,"[""seen"", ""after"", ""first""]",[],"[""The"", ""last"", ""time"", ""I"", ""saw"", ""it"", ""was"", ""before"", ""the"", ""movie"", ""started""]","[""seen"", ""after"", ""first""]","[[""마지막으로"", ""본"", ""건"", ""영화"", ""시작"", ""전이었어""]]"
4126,62,2,reviewed,"sentenceWords,sentenceWordChoices,sentenceTranslateAcceptedAnswers",The last time I saw it was this morning at breakfast.,The last time I saw it was this morning at breakfast.,"[""seen"", ""first"", ""dinner""]",[],"[""The"", ""last"", ""time"", ""I"", ""saw"", ""it"", ""was"", ""this"", ""morning at breakfast""]","[""dinner"", ""seen"", ""first""]","[[""마지막으로"", ""본"", ""건"", ""오늘"", ""아침"", ""먹을"", ""때였어""]]"
4127,62,1,reviewed,"sentenceWords,sentenceWordChoices,sentenceTranslateAcceptedAnswers","You can report a lost phone in the app, I think.","You can report a lost phone in the app, I think.","[""apps"", ""reported"", ""found""]",[],"[""You"", ""can"", ""report"", ""a"", ""lost"", ""phone in the app I think""]","[""apps"", ""reported"", ""found""]","[[""앱에서"", ""분실"", ""신고"", ""할"", ""수"", ""있는"", ""것"", ""같아""]]"
4127,62,2,reviewed,"sentenceWords,sentenceWordChoices","Yes, let's report a lost phone there first.","Yes, let's report a lost phone there first.","[""reported"", ""No"", ""found""]",[],"[""Yes"", ""let's"", ""report"", ""a"", ""lost"", ""phone there first""]","[""found"", ""reported"", ""No""]","[[""응"", ""거기서"", ""먼저"", ""분실"", ""신고하자""], [""응"", ""먼저"", ""거기서"", ""분실"", ""신고하자""]]"
4128,62,1,reviewed,"sentenceWords,sentenceWordChoices",I'll sign out of my bank app right now.,I'll sign out of my bank app right now.,"[""signed"", ""apps"", ""in""]",[],"[""I'll"", ""sign"", ""out"", ""of"", ""my"", ""bank"", ""app right now""]","[""signed"", ""apps"", ""in""]","[[""지금"", ""바로"", ""은행"", ""앱에서"", ""로그아웃할게""], [""은행"", ""앱에서"", ""지금"", ""바로"", ""로그아웃할게""]]"
4128,62,2,reviewed,sentenceTranslateAcceptedAnswers,"Yes, there's a button to sign out of all devices.","Yes, there's a button to sign out of all devices.","[""signed"", ""in"", ""No""]",[],"[""Yes"", ""there's"", ""a"", ""button"", ""to"", ""sign"", ""out"", ""of"", ""all"", ""devices""]","[""signed"", ""in"", ""No""]","[[""응"", ""모든"", ""기기에서"", ""로그아웃하는"", ""버튼이"", ""있어""]]"
4129,62,1,reviewed,"sentenceWords,sentenceWordChoices,sentenceTranslateAcceptedAnswers",I use the cloud to keep my data safe.,I use the cloud to keep my data safe.,"[""your"", ""used"", ""clouds""]",[],"[""I"", ""use"", ""the"", ""cloud to"", ""keep"", ""my"", ""data"", ""safe""]","[""your"", ""clouds"", ""used""]","[[""정보"", ""안전하게"", ""지키려고"", ""클라우드"", ""써""], [""클라우드"", ""정보"", ""안전하게"", ""지키려고"", ""써""]]"
4129,62,2,reviewed,sentenceTranslateAcceptedAnswers,"Yes, and that's the fastest way to keep my data safe.","Yes, and that's the fastest way to keep my data safe.","[""your"", ""slowest"", ""No""]",[],"[""Yes"", ""and"", ""that's"", ""the"", ""fastest"", ""way"", ""to"", ""keep"", ""my"", ""data"", ""safe""]","[""your"", ""slowest"", ""No""]","[[""응"", ""그게"", ""내"", ""정보"", ""지키는"", ""제일"", ""빠른"", ""방법이야""]]"
4130,62,1,reviewed,"sentenceWords,sentenceWordChoices,sentenceTranslateAcceptedAnswers",I retraced my steps and found my keys.,I retraced my steps and found my keys.,"[""lost"", ""your"", ""retrace""]",[],"[""I"", ""retraced"", ""my"", ""steps and"", ""found"", ""my"", ""keys""]","[""lost"", ""retrace"", ""your""]","[[""왔던"", ""길을"", ""되짚어"", ""가서"", ""열쇠를"", ""찾았어""]]"
4130,62,2,reviewed,"sentenceWords,sentenceWordChoices,sentenceTranslateAcceptedAnswers",Let's retrace our steps back to the cafe.,Let's retrace our steps back to the cafe.,"[""retraced"", ""my"", ""step""]",[],"[""Let's"", ""retrace"", ""our"", ""steps back to"", ""the"", ""cafe""]","[""my"", ""retraced"", ""step""]","[[""카페까지"", ""온"", ""길을"", ""다시"", ""되짚어"", ""가보자""]]"
4131,62,1,reviewed,"sentenceWords,sentenceWordChoices",My wallet turned up under the sofa.,My wallet turned up under the sofa.,"[""over"", ""Your"", ""turn""]",[],"[""My"", ""wallet"", ""turned"", ""up under"", ""the"", ""sofa""]","[""turn"", ""over"", ""Your""]","[[""지갑이"", ""소파"", ""밑에서"", ""나왔어""], [""소파"", ""밑에서"", ""지갑이"", ""나왔어""]]"
4131,62,2,reviewed,"sentenceWords,sentenceWordChoices",The missing dog turned up two days later.,The missing dog turned up two days later.,"[""turn"", ""earlier"", ""three""]",[],"[""The"", ""missing"", ""dog"", ""turned"", ""up two days later""]","[""earlier"", ""turn"", ""three""]","[[""잃어버린"", ""강아지가"", ""이틀"", ""뒤에"", ""나타났어""], [""이틀"", ""뒤에"", ""잃어버린"", ""강아지가"", ""나타났어""]]"
4132,62,1,reviewed,"sentenceWords,sentenceWordChoices",The police tracked down the stolen car.,The police tracked down the stolen car.,"[""lost"", ""cars"", ""track""]",[],"[""The"", ""police"", ""tracked down the"", ""stolen"", ""car""]","[""lost"", ""track"", ""cars""]","[[""경찰이"", ""도난"", ""차량을"", ""추적해서"", ""찾아냈어""], [""도난"", ""차량을"", ""경찰이"", ""추적해서"", ""찾아냈어""]]"
4132,62,2,reviewed,"sentenceWords,sentenceWordChoices",I finally tracked down that book online.,I finally tracked down that book online.,"[""books"", ""track"", ""this""]","[[""this"", ""those""]]","[""I finally"", ""tracked down"", ""that"", ""book online""]","[""track"", ""those"", ""books""]","[[""그"", ""책을"", ""온라인에서"", ""겨우"", ""찾아냈어""], [""온라인에서"", ""그"", ""책을"", ""겨우"", ""찾아냈어""]]"
4133,52,1,reviewed,"sentenceWords,sentenceWordChoices",Let's try again slowly.,Let's try again slowly.,"[""slow"", ""trying"", ""quickly""]","[[""slow"", ""slowness""]]","[""Let's"", ""try again slowly""]","[""quickly"", ""trying"", ""slowness""]","[[""천천히"", ""다시"", ""해"", ""보자""], [""다시"", ""천천히"", ""해"", ""보자""]]"
4133,52,2,reviewed,"sentenceWords,sentenceWordChoices",Let's try again with my card.,Let's try again with my card.,"[""tries"", ""your"", ""cards""]","[[""cards"", ""carded""]]","[""Let's"", ""try again with"", ""my"", ""card""]","[""tries"", ""carded"", ""your""]","[[""내"", ""카드로"", ""다시"", ""해"", ""보자""], [""다시"", ""내"", ""카드로"", ""해"", ""보자""]]"
4134,52,1,reviewed,sentenceTranslateAcceptedAnswers,My report is on a USB.,My report is on a USB.,"[""reports"", ""Your"", ""are""]",[],"[""My"", ""report"", ""is"", ""on"", ""a"", ""USB""]","[""reports"", ""Your"", ""are""]","[[""내"", ""보고서는"", ""USB에"", ""있어""], [""USB에"", ""내"", ""보고서는"", ""있어""]]"
4134,52,2,reviewed,sentenceTranslateAcceptedAnswers,I will put them on a USB.,I will put them on a USB.,"[""puts"", ""it"", ""won't""]",[],"[""I"", ""will"", ""put"", ""them"", ""on"", ""a"", ""USB""]","[""puts"", ""it"", ""won't""]","[[""USB에"", ""담아"", ""갈게""]]"
4135,52,1,reviewed,"sentenceWords,sentenceWordChoices,sentenceTranslateAcceptedAnswers",Please come before class starts.,Please come before class starts.,"[""came"", ""start"", ""after""]",[],"[""Please come before"", ""class"", ""starts""]","[""after"", ""came"", ""start""]","[[""수업"", ""시작하기"", ""전에"", ""와"", ""줘""]]"
4135,52,2,reviewed,"sentenceWords,sentenceWordChoices,sentenceTranslateAcceptedAnswers",I will finish it before class starts.,I will finish it before class starts.,"[""after"", ""start"", ""finished""]",[],"[""I"", ""will"", ""finish"", ""it before"", ""class"", ""starts""]","[""after"", ""start"", ""finished""]","[[""수업"", ""시작하기"", ""전에"", ""끝낼게""]]"
4136,52,1,reviewed,"sentenceWords,sentenceWordChoices","The printer is jammed again, so nobody can use it.","The printer is jammed again, so nobody can use it.","[""jam"", ""used"", ""everybody""]",[],"[""The"", ""printer"", ""is"", ""jammed again so"", ""nobody"", ""can"", ""use"", ""it""]","[""everybody"", ""jam"", ""used""]","[[""프린터에"", ""또"", ""종이가"", ""걸려서"", ""아무도"", ""못"", ""쓰고"", ""있어""], [""또"", ""프린터에"", ""종이가"", ""걸려서"", ""아무도"", ""못"", ""쓰고"", ""있어""]]"
4136,52,2,reviewed,"sentenceWords,sentenceWordChoices,sentenceTranslateAcceptedAnswers",The printer is jammed and the staff are fixing it.,The printer is jammed and the staff are fixing it.,"[""printers"", ""jam"", ""fixed""]",[],"[""The"", ""printer"", ""is"", ""jammed and"", ""the"", ""staff"", ""are"", ""fixing"", ""it""]","[""jam"", ""fixed"", ""printers""]","[[""프린터에"", ""종이가"", ""걸려서"", ""직원분들이"", ""고치는"", ""중이야""]]"
4137,52,1,reviewed,"sentenceWords,sentenceWordChoices","Sure, I'll attach the file in a minute.","Sure, I'll attach the file in a minute.","[""files"", ""minutes"", ""attached""]",[],"[""Sure"", ""I'll"", ""attach"", ""the"", ""file in a minute""]","[""files"", ""minutes"", ""attached""]","[[""그래"", ""금방"", ""파일"", ""첨부해서"", ""보낼게""], [""그래"", ""파일"", ""금방"", ""첨부해서"", ""보낼게""]]"
4137,52,2,reviewed,"sentenceWords,sentenceWordChoices","Sorry, I forgot to attach the file again.","Sorry, I forgot to attach the file again.","[""forget"", ""attached"", ""files""]",[],"[""Sorry"", ""I"", ""forgot"", ""to"", ""attach"", ""the"", ""file again""]","[""files"", ""forget"", ""attached""]","[[""미안"", ""또"", ""파일"", ""첨부하는"", ""걸"", ""깜빡했어""], [""미안"", ""파일"", ""첨부하는"", ""걸"", ""또"", ""깜빡했어""]]"
4138,52,1,reviewed,"sentenceWords,sentenceWordChoices","No, can I borrow your laptop for class?","No, can I borrow your laptop for class?","[""my"", ""borrowed"", ""classes""]",[],"[""No"", ""can"", ""I"", ""borrow"", ""your"", ""laptop for class""]","[""my"", ""borrowed"", ""classes""]","[[""아니"", ""수업"", ""때"", ""네"", ""노트북"", ""좀"", ""빌려도"", ""될까""], [""아니"", ""네"", ""노트북"", ""좀"", ""수업"", ""때"", ""빌려도"", ""될까""]]"
4138,52,2,reviewed,"sentenceWords,sentenceWordChoices","Yes, could I borrow your laptop until tomorrow?","Yes, could I borrow your laptop until tomorrow?","[""today"", ""borrowed"", ""my""]",[],"[""Yes"", ""could"", ""I"", ""borrow"", ""your"", ""laptop until tomorrow""]","[""my"", ""today"", ""borrowed""]","[[""응"", ""내일까지"", ""네"", ""노트북"", ""빌려도"", ""될까""], [""응"", ""네"", ""노트북"", ""내일까지"", ""빌려도"", ""될까""]]"
4139,52,1,reviewed,"sentenceWords,sentenceWordChoices,sentenceTranslateAcceptedAnswers","If we run, we can make it in time.","If we run, we can make it in time.","[""made"", ""ran"", ""us""]",[],"[""If"", ""we"", ""run we"", ""can"", ""make"", ""it"", ""in"", ""time""]","[""ran"", ""us"", ""made""]","[[""뛰면"", ""시간"", ""안에"", ""탈"", ""수"", ""있어""]]"
4139,52,2,reviewed,"sentenceWords,sentenceWordChoices,sentenceTranslateAcceptedAnswers","I'm almost done, so I'll make it in time.","I'm almost done, so I'll make it in time.","[""do"", ""barely"", ""made""]",[],"[""I'm almost"", ""done so"", ""I'll"", ""make"", ""it"", ""in"", ""time""]","[""do"", ""barely"", ""made""]","[[""거의"", ""다"", ""해서"", ""시간"", ""안에"", ""낼"", ""수"", ""있을"", ""거야""]]"
4140,52,1,reviewed,"sentenceWords,sentenceWordChoices",The elevator is out of order again.,The elevator is out of order again.,"[""elevators"", ""in"", ""are""]",[],"[""The"", ""elevator"", ""is"", ""out"", ""of"", ""order again""]","[""are"", ""elevators"", ""in""]","[[""엘리베이터가"", ""또"", ""고장"", ""났어""], [""또"", ""엘리베이터가"", ""고장"", ""났어""]]"
4140,52,2,reviewed,sentenceTranslateAcceptedAnswers,"Sorry, this vending machine is out of order.","Sorry, this vending machine is out of order.","[""are"", ""machines"", ""that""]",[],"[""Sorry"", ""this"", ""vending"", ""machine"", ""is"", ""out"", ""of"", ""order""]","[""are"", ""machines"", ""that""]","[[""죄송해요"", ""이"", ""자판기는"", ""고장이에요""]]"
4141,52,1,reviewed,"sentenceWords,sentenceWordChoices,sentenceTranslateWordChoices,sentenceTranslateAcceptedAnswers",The ATM spat out my card.,The ATM spat out my card.,"[""spit"", ""cards"", ""your""]","[[""spit"", ""spits""], [""cards"", ""carded""]]","[""The"", ""ATM"", ""spat out my"", ""card""]","[""carded"", ""spits"", ""your""]","[[""ATM이"", ""내"", ""카드를"", ""도로"", ""뱉어냈어""], [""내"", ""카드를"", ""ATM이"", ""도로"", ""뱉어냈어""]]"
4141,52,2,reviewed,"sentenceWords,sentenceWordChoices,sentenceTranslateAcceptedAnswers",This printer spits out twenty pages a minute.,This printer spits out twenty pages a minute.,"[""spit"", ""hours"", ""ten""]",[],"[""This"", ""printer"", ""spits out twenty"", ""pages a minute""]","[""hours"", ""spit"", ""ten""]","[[""이"", ""프린터는"", ""1분에"", ""스무"", ""장씩"", ""뽑아내""], [""1분에"", ""이"", ""프린터는"", ""스무"", ""장씩"", ""뽑아내""]]"
4142,52,1,reviewed,"sentenceWords,sentenceWordChoices,sentenceTranslateAcceptedAnswers",We worked all night to beat the deadline.,We worked all night to beat the deadline.,"[""work"", ""beats"", ""day""]",[],"[""We"", ""worked"", ""all"", ""night to"", ""beat"", ""the"", ""deadline""]","[""work"", ""beats"", ""day""]","[[""마감"", ""전에"", ""끝내려고"", ""밤을"", ""새웠어""]]"
4142,52,2,reviewed,"sentenceWords,sentenceWordChoices",She beat the deadline by two hours.,She beat the deadline by two hours.,"[""beats"", ""hour"", ""He""]",[],"[""She"", ""beat"", ""the"", ""deadline by two hours""]","[""He"", ""beats"", ""hour""]","[[""걔는"", ""마감"", ""두"", ""시간"", ""전에"", ""끝냈어""], [""마감"", ""두"", ""시간"", ""전에"", ""걔는"", ""끝냈어""]]"
4143,46,1,reviewed,"sentenceWords,sentenceWordChoices,sentenceTranslateAcceptedAnswers",I'll be back at noon.,I'll be back at noon.,"[""in"", ""midnight"", ""am""]",[],"[""I'll"", ""be"", ""back at"", ""noon""]","[""midnight"", ""am"", ""in""]","[[""정오에"", ""다시"", ""올게요""]]"
4143,46,2,reviewed,"sentenceWords,sentenceWordChoices,sentenceTranslateAcceptedAnswers",No problem. I'll be back at two.,No problem. I'll be back at two.,"[""problems"", ""am"", ""three""]",[],"[""No"", ""problem I'll"", ""be"", ""back at two""]","[""am"", ""problems"", ""three""]","[[""괜찮아요"", ""2시에"", ""다시"", ""올게요""]]"
4144,46,1,reviewed,sentenceTranslateAcceptedAnswers,"Yes, it's very big.","Yes, it's very big.","[""small"", ""No"", ""is""]",[],"[""Yes"", ""it's"", ""very"", ""big""]","[""small"", ""No"", ""is""]","[[""네"", ""아주"", ""커요""]]"
4144,46,2,reviewed,"sentenceWords,sentenceWordChoices,sentenceTranslateAcceptedAnswers","No, it's very big and I need help.","No, it's very big and I need help.","[""is"", ""small"", ""Yes""]",[],"[""No"", ""it's"", ""very"", ""big and"", ""I"", ""need"", ""help""]","[""Yes"", ""is"", ""small""]","[[""아니요"", ""아주"", ""커서"", ""도와주셔야"", ""해요""]]"
4145,46,1,reviewed,"sentenceWords,sentenceWordChoices,sentenceTranslateAcceptedAnswers","I want the cheap one, please.","I want the cheap one, please.","[""expensive"", ""ones"", ""wanted""]",[],"[""I"", ""want"", ""the"", ""cheap"", ""one please""]","[""ones"", ""expensive"", ""wanted""]","[[""싼"", ""걸로"", ""주세요""]]"
4145,46,2,reviewed,none,The cheap one is fine for me.,The cheap one is fine for me.,"[""ones"", ""are"", ""expensive""]",[],"[""The"", ""cheap"", ""one"", ""is"", ""fine"", ""for"", ""me""]","[""ones"", ""are"", ""expensive""]","[[""저는"", ""싼"", ""쪽이"", ""괜찮아요""], [""싼"", ""쪽이"", ""저는"", ""괜찮아요""]]"
4146,46,1,reviewed,"sentenceWords,sentenceWordChoices,sentenceTranslateAcceptedAnswers",Thank you. What time do you close?,Thank you. What time do you close?,"[""Thanks"", ""does"", ""open""]","[[""Thanks"", ""Thankful""]]","[""Thank"", ""you What"", ""time"", ""do"", ""you"", ""close""]","[""does"", ""Thankful"", ""open""]","[[""감사합니다"", ""몇"", ""시에"", ""문"", ""닫아요""]]"
4146,46,2,reviewed,"sentenceWords,sentenceWordChoices,sentenceTranslateAcceptedAnswers",Great. What time do you close today?,Great. What time do you close today?,"[""open"", ""tomorrow"", ""does""]",[],"[""Great What"", ""time"", ""do"", ""you"", ""close today""]","[""does"", ""open"", ""tomorrow""]","[[""좋네요"", ""오늘은"", ""몇"", ""시에"", ""문"", ""닫아요""], [""좋네요"", ""몇"", ""시에"", ""오늘은"", ""문"", ""닫아요""]]"
4147,46,1,reviewed,"sentenceWords,sentenceWordChoices,sentenceTranslateAcceptedAnswers","Not much, my case is about this big.","Not much, my case is about this big.","[""your"", ""cases"", ""that""]",[],"[""Not"", ""much"", ""my"", ""case"", ""is about"", ""this"", ""big""]","[""cases"", ""that"", ""your""]","[[""많이는"", ""아니고요"", ""제"", ""가방이"", ""대략"", ""이"", ""정도예요""]]"
4147,46,2,reviewed,"sentenceWords,sentenceWordChoices,sentenceTranslateAcceptedAnswers","Something about this big, maybe a bit taller.","Something about this big, maybe a bit taller.","[""that"", ""shorter"", ""tall""]",[],"[""Something"", ""about"", ""this"", ""big maybe"", ""a"", ""bit"", ""taller""]","[""tall"", ""that"", ""shorter""]","[[""대략"", ""이"", ""정도"", ""크기요"", ""조금"", ""더"", ""높아도"", ""좋고요""]]"
4148,46,1,reviewed,"sentenceWords,sentenceWordChoices,sentenceTranslateAcceptedAnswers","There's one ten minutes away, past the big crossing.","There's one ten minutes away, past the big crossing.","[""five"", ""minute"", ""small""]",[],"[""There's"", ""one"", ""ten"", ""minutes"", ""away past"", ""the"", ""big"", ""crossing""]","[""five"", ""small"", ""minute""]","[[""큰"", ""사거리"", ""지나서"", ""10분"", ""거리에"", ""하나"", ""있어요""]]"
4148,46,2,reviewed,"sentenceWords,sentenceWordChoices,sentenceTranslateAcceptedAnswers","No thanks, my hotel is only ten minutes away.","No thanks, my hotel is only ten minutes away.","[""thank"", ""five"", ""your""]",[],"[""No"", ""thanks"", ""my"", ""hotel"", ""is only"", ""ten"", ""minutes"", ""away""]","[""your"", ""five"", ""thank""]","[[""괜찮아요"", ""호텔이"", ""10분"", ""거리밖에"", ""안"", ""돼요""]]"
4149,46,1,reviewed,"sentenceWords,sentenceWordChoices,sentenceTranslateAcceptedAnswers",I'll come back before then to collect my bag.,I'll come back before then to collect my bag.,"[""your"", ""came"", ""after""]",[],"[""I'll"", ""come"", ""back before then to"", ""collect"", ""my"", ""bag""]","[""came"", ""your"", ""after""]","[[""그"", ""전에"", ""가방"", ""찾으러"", ""올게요""]]"
4149,46,2,reviewed,"sentenceWords,sentenceWordChoices,sentenceTranslateAcceptedAnswers",Yes. Do I need it to collect my bag?,Yes. Do I need it to collect my bag?,"[""your"", ""Does"", ""needed""]",[],"[""Yes Do"", ""I"", ""need"", ""it to collect"", ""my"", ""bag""]","[""needed"", ""your"", ""Does""]","[[""네"", ""가방"", ""찾을"", ""때"", ""여권이"", ""필요한가요""]]"
4150,46,1,reviewed,"sentenceWords,sentenceWordChoices,sentenceTranslateAcceptedAnswers","Oh, are you open until nine now?","Oh, are you open until nine now?","[""is"", ""closed"", ""ten""]",[],"[""Oh"", ""are"", ""you"", ""open"", ""until"", ""nine now""]","[""ten"", ""closed"", ""is""]","[[""아"", ""이제"", ""9시까지"", ""하시는"", ""거예요""], [""아"", ""9시까지"", ""이제"", ""하시는"", ""거예요""]]"
4150,46,2,reviewed,"sentenceWords,sentenceWordChoices,sentenceTranslateAcceptedAnswers","Great, since you're open until midnight.","Great, since you're open until midnight.","[""noon"", ""closed"", ""are""]",[],"[""Great since"", ""you're"", ""open"", ""until"", ""midnight""]","[""noon"", ""are"", ""closed""]","[[""좋네요"", ""자정까지"", ""여시니까요""]]"
4151,46,1,reviewed,sentenceWordChoices,I left my keys with the front desk.,I left my keys with the front desk.,"[""your"", ""key"", ""leave""]","[[""key"", ""keyed""]]","[""I"", ""left"", ""my"", ""keys"", ""with"", ""the"", ""front"", ""desk""]","[""your"", ""keyed"", ""leave""]","[[""열쇠를"", ""프런트에"", ""맡겼어""], [""프런트에"", ""열쇠를"", ""맡겼어""]]"
4151,46,2,reviewed,sentenceWordChoices,She left her dog with a neighbor.,She left her dog with a neighbor.,"[""dogs"", ""leave"", ""his""]","[[""dogs"", ""dogged""]]","[""She"", ""left"", ""her"", ""dog"", ""with"", ""a"", ""neighbor""]","[""his"", ""dogged"", ""leave""]","[[""걔는"", ""강아지를"", ""이웃집에"", ""맡겼어""], [""걔는"", ""이웃집에"", ""강아지를"", ""맡겼어""]]"
4152,46,1,reviewed,sentenceWordChoices,He came back for his umbrella.,He came back for his umbrella.,"[""her"", ""come"", ""umbrellas""]","[[""umbrellas"", ""raining""]]","[""He"", ""came"", ""back"", ""for"", ""his"", ""umbrella""]","[""raining"", ""come"", ""her""]","[[""걔는"", ""우산을"", ""가지러"", ""다시"", ""왔어""], [""걔는"", ""다시"", ""우산을"", ""가지러"", ""왔어""]]"
4152,46,2,reviewed,"sentenceWords,sentenceWordChoices",I'll come back for the rest tomorrow.,I'll come back for the rest tomorrow.,"[""today"", ""came"", ""yesterday""]",[],"[""I'll"", ""come"", ""back"", ""for"", ""the"", ""rest tomorrow""]","[""came"", ""today"", ""yesterday""]","[[""나머지는"", ""내일"", ""와서"", ""가져갈게""], [""내일"", ""나머지는"", ""와서"", ""가져갈게""]]"
4153,46,1,reviewed,"sentenceWordChoices,sentenceTranslateAcceptedAnswers",That sounds worth the walk.,That sounds worth the walk.,"[""sound"", ""This"", ""walking""]","[[""This"", ""Those""], [""walking"", ""walks""]]","[""That"", ""sounds"", ""worth"", ""the"", ""walk""]","[""Those"", ""walks"", ""sound""]","[[""그"", ""정도면"", ""걸어갈"", ""만하네요""]]"
4153,46,2,reviewed,"sentenceWords,sentenceWordChoices,sentenceTranslateAcceptedAnswers","For coffee that good, it's worth the walk.","For coffee that good, it's worth the walk.","[""bad"", ""this"", ""is""]",[],"[""For"", ""coffee"", ""that"", ""good it's"", ""worth"", ""the"", ""walk""]","[""bad"", ""this"", ""is""]","[[""그"", ""정도로"", ""맛있으면"", ""걸어갈"", ""만하죠""]]"
4154,56,1,reviewed,"sentenceWords,sentenceWordChoices","Good, I'll call them right now.","Good, I'll call them right now.","[""him"", ""called"", ""later""]","[[""him"", ""his""]]","[""Good"", ""I'll"", ""call"", ""them right now""]","[""called"", ""his"", ""later""]","[[""좋아"", ""내가"", ""지금"", ""바로"", ""전화할게""], [""좋아"", ""지금"", ""바로"", ""내가"", ""전화할게""]]"
4154,56,2,reviewed,"sentenceWords,sentenceWordChoices","Okay, I'll call them after dinner.","Okay, I'll call them after dinner.","[""him"", ""before"", ""called""]","[[""him"", ""his""]]","[""Okay"", ""I'll"", ""call"", ""them after dinner""]","[""before"", ""called"", ""his""]","[[""알겠어"", ""저녁"", ""먹고"", ""내가"", ""전화할게""], [""알겠어"", ""내가"", ""저녁"", ""먹고"", ""전화할게""]]"
4155,56,1,reviewed,"sentenceWords,sentenceWordChoices",I want my money back today.,I want my money back today.,"[""wanted"", ""tomorrow"", ""your""]",[],"[""I"", ""want"", ""my"", ""money"", ""back today""]","[""your"", ""wanted"", ""tomorrow""]","[[""나"", ""오늘"", ""돈"", ""돌려받고"", ""싶어""], [""오늘"", ""나"", ""돈"", ""돌려받고"", ""싶어""]]"
4155,56,2,reviewed,"sentenceWords,sentenceWordChoices,sentenceTranslateAcceptedAnswers",Then I want my money back.,Then I want my money back.,"[""wanted"", ""your"", ""So""]","[[""So"", ""Than""]]","[""Then I"", ""want"", ""my"", ""money"", ""back""]","[""your"", ""Than"", ""wanted""]","[[""그럼"", ""나"", ""돈"", ""돌려받을래""]]"
4156,56,1,reviewed,"sentenceWords,sentenceWordChoices,sentenceTranslateAcceptedAnswers",That's too long. I'll go home.,That's too long. I'll go home.,"[""is"", ""went"", ""short""]",[],"[""That's"", ""too"", ""long I'll"", ""go"", ""home""]","[""is"", ""short"", ""went""]","[[""그건"", ""너무"", ""오래야"", ""나"", ""집에"", ""갈래""], [""그건"", ""너무"", ""오래야"", ""집에"", ""나"", ""갈래""]]"
4156,56,2,reviewed,"sentenceWords,sentenceWordChoices",That's too long for me tonight.,That's too long for me tonight.,"[""is"", ""short"", ""you""]",[],"[""That's"", ""too"", ""long"", ""for"", ""me tonight""]","[""short"", ""is"", ""you""]","[[""오늘"", ""밤엔"", ""나한테"", ""너무"", ""길어""], [""나한테"", ""오늘"", ""밤엔"", ""너무"", ""길어""]]"
4157,56,1,reviewed,"sentenceWords,sentenceWordChoices",Then let's play a game inside.,Then let's play a game inside.,"[""games"", ""outside"", ""played""]",[],"[""Then let's"", ""play"", ""a"", ""game inside""]","[""outside"", ""played"", ""games""]","[[""그럼"", ""안에서"", ""게임"", ""하자""], [""그럼"", ""게임"", ""안에서"", ""하자""]]"
4157,56,2,reviewed,"sentenceWords,sentenceWordChoices",We can play a game together.,We can play a game together.,"[""games"", ""played"", ""They""]",[],"[""We"", ""can"", ""play"", ""a"", ""game together""]","[""played"", ""games"", ""They""]","[[""우리"", ""같이"", ""게임"", ""하면"", ""되지""], [""같이"", ""우리"", ""게임"", ""하면"", ""되지""]]"
4158,56,1,reviewed,"sentenceWords,sentenceWordChoices,sentenceTranslateAcceptedAnswers","That's the wrong order, so let's not open it.","That's the wrong order, so let's not open it.","[""is"", ""orders"", ""right""]",[],"[""That's"", ""the"", ""wrong"", ""order so"", ""let's"", ""not"", ""open"", ""it""]","[""orders"", ""is"", ""right""]","[[""잘못"", ""온"", ""주문이니까"", ""열지"", ""말자""]]"
4158,56,2,reviewed,"sentenceWords,sentenceWordChoices,sentenceTranslateAcceptedAnswers","No, they'll want the wrong order back.","No, they'll want the wrong order back.","[""Yes"", ""right"", ""wanted""]",[],"[""No"", ""they'll"", ""want"", ""the"", ""wrong"", ""order back""]","[""right"", ""wanted"", ""Yes""]","[[""아니"", ""잘못"", ""온"", ""주문은"", ""돌려달라고"", ""할"", ""거야""]]"
4159,56,1,reviewed,"sentenceWordChoices,sentenceTranslateAcceptedAnswers",You should call customer service about that.,You should call customer service about that.,"[""called"", ""customers"", ""this""]","[[""this"", ""these""]]","[""You"", ""should"", ""call"", ""customer"", ""service"", ""about"", ""that""]","[""called"", ""these"", ""customers""]","[[""그건"", ""고객센터에"", ""전화해"", ""보는"", ""게"", ""좋겠어""], [""고객센터에"", ""그건"", ""전화해"", ""보는"", ""게"", ""좋겠어""]]"
4159,56,2,reviewed,"sentenceWords,sentenceWordChoices",Call customer service before the office closes.,Call customer service before the office closes.,"[""after"", ""close"", ""customers""]",[],"[""Call"", ""customer"", ""service before"", ""the"", ""office"", ""closes""]","[""customers"", ""close"", ""after""]","[[""사무실"", ""닫기"", ""전에"", ""고객센터에"", ""전화해""], [""고객센터에"", ""사무실"", ""닫기"", ""전에"", ""전화해""]]"
4160,56,1,reviewed,"sentenceWords,sentenceWordChoices,sentenceTranslateAcceptedAnswers",Cooking sounds better after all this trouble.,Cooking sounds better after all this trouble.,"[""sound"", ""Cooked"", ""good""]","[[""good"", ""wellness""]]","[""Cooking"", ""sounds"", ""better after"", ""all"", ""this"", ""trouble""]","[""sound"", ""wellness"", ""Cooked""]","[[""이런"", ""일"", ""겪고"", ""나니"", ""해"", ""먹는"", ""게"", ""나을"", ""것"", ""같아""]]"
4160,56,2,reviewed,"sentenceWords,sentenceWordChoices,sentenceTranslateAcceptedAnswers","Eight sounds better, since I finish late.","Eight sounds better, since I finish late.","[""Nine"", ""good"", ""sound""]","[[""good"", ""wellness""]]","[""Eight"", ""sounds"", ""better since"", ""I"", ""finish"", ""late""]","[""sound"", ""wellness"", ""Nine""]","[[""나"", ""늦게"", ""끝나서"", ""8시가"", ""나을"", ""것"", ""같아""]]"
4161,56,1,reviewed,"sentenceWords,sentenceWordChoices,sentenceTranslateAcceptedAnswers",I'll put on some music while we clean.,I'll put on some music while we clean.,"[""putting"", ""off"", ""cleaned""]",[],"[""I'll"", ""put on some"", ""music while"", ""we"", ""clean""]","[""off"", ""cleaned"", ""putting""]","[[""청소하는"", ""동안"", ""음악"", ""좀"", ""틀게""], [""음악"", ""청소하는"", ""동안"", ""좀"", ""틀게""]]"
4161,56,2,reviewed,"sentenceWords,sentenceWordChoices",Put on some music so we don't get sleepy.,Put on some music so we don't get sleepy.,"[""off"", ""putting"", ""do""]",[],"[""Put on some"", ""music so"", ""we"", ""don't"", ""get"", ""sleepy""]","[""putting"", ""do"", ""off""]","[[""졸지"", ""않게"", ""음악"", ""좀"", ""틀어""], [""음악"", ""좀"", ""졸지"", ""않게"", ""틀어""]]"
4162,56,1,reviewed,"sentenceWords,sentenceWordChoices,sentenceTranslateAcceptedAnswers","The line was long, but the pizza was worth the wait.","The line was long, but the pizza was worth the wait.","[""short"", ""is"", ""waiting""]","[[""waiting"", ""waits""]]","[""The"", ""line"", ""was"", ""long but"", ""the"", ""pizza"", ""was"", ""worth"", ""the"", ""wait""]","[""short"", ""waits"", ""is""]","[[""줄은"", ""길었지만"", ""그"", ""피자는"", ""기다린"", ""보람이"", ""있었어""]]"
4162,56,2,reviewed,"sentenceWords,sentenceWordChoices,sentenceTranslateAcceptedAnswers","Trust me, this show is worth the wait.","Trust me, this show is worth the wait.","[""shows"", ""that"", ""Trusted""]",[],"[""Trust"", ""me this"", ""show"", ""is"", ""worth"", ""the"", ""wait""]","[""that"", ""shows"", ""Trusted""]","[[""내"", ""말"", ""믿어"", ""이"", ""드라마는"", ""기다릴"", ""만해""]]"
4163,56,1,reviewed,"sentenceWords,sentenceWordChoices",A banana should tide me over until lunch.,A banana should tide me over until lunch.,"[""dinner"", ""bananas"", ""us""]",[],"[""A"", ""banana"", ""should"", ""tide"", ""me"", ""over until lunch""]","[""bananas"", ""dinner"", ""us""]","[[""바나나"", ""하나면"", ""점심까지는"", ""버틸"", ""수"", ""있어""], [""점심까지는"", ""바나나"", ""하나면"", ""버틸"", ""수"", ""있어""]]"
4163,56,2,reviewed,"sentenceWords,sentenceWordChoices",Can you lend me twenty dollars to tide me over?,Can you lend me twenty dollars to tide me over?,"[""thirty"", ""dollar"", ""lent""]",[],"[""Can"", ""you"", ""lend"", ""me"", ""twenty"", ""dollars to"", ""tide"", ""me"", ""over""]","[""thirty"", ""dollar"", ""lent""]","[[""월급날까지"", ""버티게"", ""20달러만"", ""빌려줄"", ""수"", ""있어""], [""20달러만"", ""월급날까지"", ""버티게"", ""빌려줄"", ""수"", ""있어""]]"
4164,56,1,reviewed,"sentenceWords,sentenceWordChoices,sentenceTranslateAcceptedAnswers",The package never arrived — a mistake on their end.,The package never arrived — a mistake on their end.,"[""arrive"", ""our"", ""packages""]",[],"[""The"", ""package never"", ""arrived a"", ""mistake"", ""on"", ""their"", ""end""]","[""arrive"", ""our"", ""packages""]","[[""택배가"", ""아예"", ""안"", ""왔어"", ""그쪽"", ""실수였지""], [""아예"", ""택배가"", ""안"", ""왔어"", ""그쪽"", ""실수였지""]]"
4164,56,2,reviewed,"sentenceWords,sentenceWordChoices,sentenceTranslateAcceptedAnswers",They charged me twice; it was a mistake on their end.,They charged me twice; it was a mistake on their end.,"[""charge"", ""our"", ""once""]",[],"[""They"", ""charged"", ""me twice it"", ""was"", ""a"", ""mistake"", ""on"", ""their"", ""end""]","[""our"", ""charge"", ""once""]","[[""돈이"", ""두"", ""번"", ""빠져나갔는데"", ""그쪽"", ""실수였어""]]"
4165,70,1,reviewed,sentenceTranslateAcceptedAnswers,My flight to Tokyo is today.,My flight to Tokyo is today.,"[""are"", ""tomorrow"", ""flights""]",[],"[""My"", ""flight"", ""to"", ""Tokyo"", ""is"", ""today""]","[""are"", ""tomorrow"", ""flights""]","[[""도쿄로"", ""가는"", ""제"", ""비행기가"", ""오늘이에요""]]"
4165,70,2,reviewed,sentenceTranslateAcceptedAnswers,My flight to Paris is at gate ten.,My flight to Paris is at gate ten.,"[""flights"", ""are"", ""eleven""]",[],"[""My"", ""flight"", ""to"", ""Paris"", ""is"", ""at"", ""gate"", ""ten""]","[""flights"", ""are"", ""eleven""]","[[""파리로"", ""가는"", ""제"", ""비행기는"", ""10번"", ""게이트예요""]]"
4166,70,1,reviewed,"sentenceWords,sentenceWordChoices,sentenceTranslateAcceptedAnswers",It is Kim on my passport.,It is Kim on my passport.,"[""was"", ""passports"", ""your""]",[],"[""It"", ""is"", ""Kim on my passport""]","[""your"", ""passports"", ""was""]","[[""제"", ""여권에는"", ""Kim으로"", ""적혀"", ""있어요""]]"
4166,70,2,reviewed,"sentenceWords,sentenceWordChoices",There is no middle name on my passport.,There is no middle name on my passport.,"[""your"", ""names"", ""are""]",[],"[""There"", ""is"", ""no"", ""middle"", ""name on my passport""]","[""are"", ""your"", ""names""]","[[""제"", ""여권에는"", ""중간"", ""이름이"", ""없어요""], [""중간"", ""이름이"", ""제"", ""여권에는"", ""없어요""]]"
4167,70,1,reviewed,sentenceTranslateAcceptedAnswers,Is there a cheaper seat?,Is there a cheaper seat?,"[""cheap"", ""Are"", ""seats""]",[],"[""Is"", ""there"", ""a"", ""cheaper"", ""seat""]","[""cheap"", ""Are"", ""seats""]","[[""더"", ""싼"", ""좌석은"", ""없나요""]]"
4167,70,2,reviewed,"sentenceWords,sentenceWordChoices,sentenceTranslateAcceptedAnswers",Please find a cheaper seat for me.,Please find a cheaper seat for me.,"[""you"", ""seats"", ""found""]",[],"[""Please find"", ""a"", ""cheaper"", ""seat"", ""for"", ""me""]","[""found"", ""seats"", ""you""]","[[""더"", ""싼"", ""좌석"", ""좀"", ""찾아봐"", ""주세요""]]"
4168,70,1,reviewed,sentenceTranslateAcceptedAnswers,The later flight is fine with me.,The later flight is fine with me.,"[""flights"", ""earlier"", ""was""]",[],"[""The"", ""later"", ""flight"", ""is"", ""fine"", ""with"", ""me""]","[""flights"", ""earlier"", ""was""]","[[""더"", ""늦은"", ""항공편도"", ""괜찮아요""]]"
4168,70,2,reviewed,sentenceTranslateAcceptedAnswers,The later flight is much cheaper.,The later flight is much cheaper.,"[""earlier"", ""flights"", ""expensive""]",[],"[""The"", ""later"", ""flight"", ""is"", ""much"", ""cheaper""]","[""earlier"", ""flights"", ""expensive""]","[[""더"", ""늦은"", ""항공편이"", ""훨씬"", ""싸요""]]"
4169,70,1,reviewed,"sentenceWords,sentenceWordChoices,sentenceTranslateAcceptedAnswers","Of course, it's spelled P-A-R-K, just four letters.","Of course, it's spelled P-A-R-K, just four letters.","[""letter"", ""spell"", ""five""]",[],"[""Of"", ""course"", ""it's"", ""spelled"", ""P-A-R-K just"", ""four"", ""letters""]","[""spell"", ""letter"", ""five""]","[[""그럼요"", ""철자는"", ""P-A-R-K이고"", ""네"", ""글자예요""]]"
4169,70,2,reviewed,"sentenceWords,sentenceWordChoices,sentenceTranslateAcceptedAnswers","It's spelled Minji as one word, not two.","It's spelled Minji as one word, not two.","[""words"", ""three"", ""spell""]",[],"[""It's"", ""spelled"", ""Minji"", ""as"", ""one"", ""word not"", ""two""]","[""words"", ""spell"", ""three""]","[[""Minji처럼"", ""한"", ""단어로"", ""적혀"", ""있고"", ""두"", ""단어가"", ""아니에요""]]"
4170,70,1,reviewed,"sentenceWords,sentenceWordChoices","Almost, but one letter is wrong in my last name.","Almost, but one letter is wrong in my last name.","[""your"", ""first"", ""letters""]",[],"[""Almost"", ""but"", ""one"", ""letter"", ""is"", ""wrong in my last name""]","[""first"", ""your"", ""letters""]","[[""거의"", ""맞는데"", ""성에서"", ""글자"", ""하나가"", ""틀렸어요""], [""거의"", ""맞는데"", ""글자"", ""하나가"", ""성에서"", ""틀렸어요""]]"
4170,70,2,reviewed,"sentenceWords,sentenceWordChoices,sentenceTranslateAcceptedAnswers","Only one letter is wrong, but the airline won't accept it.","Only one letter is wrong, but the airline won't accept it.","[""will"", ""accepted"", ""letters""]",[],"[""Only one"", ""letter"", ""is"", ""wrong but"", ""the"", ""airline"", ""won't"", ""accept"", ""it""]","[""accepted"", ""will"", ""letters""]","[[""글자"", ""하나만"", ""틀렸는데도"", ""항공사에서"", ""안"", ""받아"", ""준대요""]]"
4171,70,1,reviewed,"sentenceWords,sentenceWordChoices",An upgrade is out of my budget right now.,An upgrade is out of my budget right now.,"[""in"", ""upgrades"", ""your""]",[],"[""An"", ""upgrade"", ""is"", ""out"", ""of"", ""my"", ""budget right now""]","[""upgrades"", ""in"", ""your""]","[[""지금은"", ""업그레이드가"", ""제"", ""예산을"", ""넘어요""], [""업그레이드가"", ""지금은"", ""제"", ""예산을"", ""넘어요""]]"
4171,70,2,reviewed,sentenceTranslateAcceptedAnswers,"No thanks, the extra fee is out of my budget.","No thanks, the extra fee is out of my budget.","[""in"", ""your"", ""fees""]",[],"[""No"", ""thanks"", ""the"", ""extra"", ""fee"", ""is"", ""out"", ""of"", ""my"", ""budget""]","[""in"", ""your"", ""fees""]","[[""괜찮아요"", ""추가"", ""요금은"", ""제"", ""예산을"", ""넘어서요""]]"
4172,70,1,reviewed,"sentenceWords,sentenceWordChoices,sentenceTranslateAcceptedAnswers",I'll go with the aisle seat this time.,I'll go with the aisle seat this time.,"[""seats"", ""window"", ""went""]",[],"[""I'll"", ""go"", ""with"", ""the"", ""aisle"", ""seat this time""]","[""seats"", ""window"", ""went""]","[[""이번엔"", ""통로"", ""쪽"", ""자리로"", ""할게요""], [""통로"", ""쪽"", ""자리로"", ""이번엔"", ""할게요""]]"
4172,70,2,reviewed,"sentenceWords,sentenceWordChoices,sentenceTranslateAcceptedAnswers","I'll go with my card, if that's okay.","I'll go with my card, if that's okay.","[""went"", ""your"", ""cards""]",[],"[""I'll"", ""go"", ""with"", ""my"", ""card if"", ""that's"", ""okay""]","[""went"", ""your"", ""cards""]","[[""괜찮으면"", ""카드로"", ""할게요""]]"
4173,70,1,reviewed,none,There's a typo in the second paragraph.,There's a typo in the second paragraph.,"[""typos"", ""first"", ""paragraphs""]",[],"[""There's"", ""a"", ""typo"", ""in"", ""the"", ""second"", ""paragraph""]","[""typos"", ""first"", ""paragraphs""]","[[""두"", ""번째"", ""문단에"", ""오타가"", ""있어""], [""오타가"", ""두"", ""번째"", ""문단에"", ""있어""]]"
4173,70,2,reviewed,"sentenceWords,sentenceWordChoices,sentenceTranslateAcceptedAnswers","Sorry, that was a typo — I meant Tuesday.","Sorry, that was a typo — I meant Tuesday.","[""is"", ""typos"", ""Thursday""]",[],"[""Sorry"", ""that"", ""was"", ""a"", ""typo I"", ""meant"", ""Tuesday""]","[""is"", ""Thursday"", ""typos""]","[[""미안"", ""오타였어"", ""화요일이라고"", ""쓰려던"", ""거였어""]]"
4174,70,1,reviewed,sentenceTranslateAcceptedAnswers,The two passwords don't match.,The two passwords don't match.,"[""matches"", ""password"", ""three""]",[],"[""The"", ""two"", ""passwords"", ""don't"", ""match""]","[""matches"", ""password"", ""three""]","[[""두"", ""비밀번호가"", ""일치하지"", ""않아요""]]"
4174,70,2,reviewed,sentenceTranslateAcceptedAnswers,Make sure the address matches your ID.,Make sure the address matches your ID.,"[""my"", ""match"", ""addresses""]",[],"[""Make"", ""sure"", ""the"", ""address"", ""matches"", ""your"", ""ID""]","[""my"", ""match"", ""addresses""]","[[""주소가"", ""신분증이랑"", ""일치하는지"", ""확인해""]]"
4175,70,1,reviewed,"sentenceWords,sentenceWordChoices,sentenceTranslateAcceptedAnswers",The rain won't stop — let's wait it out inside.,The rain won't stop — let's wait it out inside.,"[""outside"", ""rains"", ""stopped""]",[],"[""The"", ""rain"", ""won't"", ""stop let's"", ""wait"", ""it"", ""out inside""]","[""rains"", ""outside"", ""stopped""]","[[""비가"", ""안"", ""그치네"", ""안에서"", ""좀"", ""기다리자""]]"
4175,70,2,reviewed,"sentenceWords,sentenceWordChoices",She waited out the strike without a single complaint.,She waited out the strike without a single complaint.,"[""wait"", ""complaints"", ""He""]",[],"[""She"", ""waited out the"", ""strike without"", ""a"", ""single"", ""complaint""]","[""complaints"", ""He"", ""wait""]","[[""걘"", ""파업"", ""끝날"", ""때까지"", ""불평"", ""한마디"", ""없이"", ""버텼어""], [""파업"", ""끝날"", ""때까지"", ""걘"", ""불평"", ""한마디"", ""없이"", ""버텼어""]]"
4176,48,1,reviewed,"sentenceWordChoices,sentenceTranslateAcceptedAnswers",I know a good place with big trees.,I know a good place with big trees.,"[""small"", ""knows"", ""tree""]","[[""tree"", ""treeless""]]","[""I"", ""know"", ""a"", ""good"", ""place"", ""with"", ""big"", ""trees""]","[""small"", ""knows"", ""treeless""]","[[""응"", ""큰"", ""나무"", ""있는"", ""좋은"", ""데"", ""알아""]]"
4176,48,2,reviewed,"sentenceWords,sentenceWordChoices,sentenceTranslateAcceptedAnswers","I know a good place, and it is quiet.","I know a good place, and it is quiet.","[""knows"", ""loud"", ""places""]",[],"[""I"", ""know"", ""a"", ""good"", ""place and"", ""it"", ""is"", ""quiet""]","[""loud"", ""places"", ""knows""]","[[""좋은"", ""데"", ""아는데"", ""거기"", ""조용해""]]"
4177,48,1,reviewed,"sentenceWords,sentenceWordChoices",I have some snacks in my bag.,I have some snacks in my bag.,"[""snack"", ""your"", ""has""]","[[""snack"", ""snacking""]]","[""I"", ""have"", ""some"", ""snacks in my bag""]","[""snacking"", ""your"", ""has""]","[[""가방에"", ""간식"", ""좀"", ""있어""], [""간식"", ""좀"", ""가방에"", ""있어""]]"
4177,48,2,reviewed,"sentenceWords,sentenceWordChoices,sentenceTranslateAcceptedAnswers",Please buy some snacks for the kids.,Please buy some snacks for the kids.,"[""kid"", ""bought"", ""snack""]","[[""snack"", ""snacking""]]","[""Please buy"", ""some"", ""snacks"", ""for"", ""the"", ""kids""]","[""kid"", ""snacking"", ""bought""]","[[""애들"", ""먹을"", ""간식"", ""좀"", ""사"", ""와""]]"
4178,48,1,reviewed,"sentenceWords,sentenceWordChoices",I often watch a movie with my sister.,I often watch a movie with my sister.,"[""brother"", ""movies"", ""watched""]","[[""movies"", ""moviemaking""]]","[""I often"", ""watch"", ""a"", ""movie with"", ""my"", ""sister""]","[""watched"", ""moviemaking"", ""brother""]","[[""언니랑"", ""영화"", ""자주"", ""봐""], [""영화"", ""언니랑"", ""자주"", ""봐""], [""자주"", ""언니랑"", ""영화"", ""봐""]]"
4178,48,2,reviewed,"sentenceWords,sentenceWordChoices","Yes, let's watch a movie together.","Yes, let's watch a movie together.","[""movies"", ""watched"", ""alone""]",[],"[""Yes"", ""let's"", ""watch"", ""a"", ""movie together""]","[""watched"", ""movies"", ""alone""]","[[""응"", ""같이"", ""영화"", ""보자""], [""응"", ""영화"", ""같이"", ""보자""]]"
4179,48,1,reviewed,"sentenceWords,sentenceWordChoices,sentenceTranslateAcceptedAnswers",I stay home on a rainy day.,I stay home on a rainy day.,"[""days"", ""rain"", ""stayed""]",[],"[""I"", ""stay"", ""home on"", ""a"", ""rainy"", ""day""]","[""days"", ""rain"", ""stayed""]","[[""비"", ""오는"", ""날엔"", ""집에"", ""있어""], [""집에"", ""비"", ""오는"", ""날엔"", ""있어""]]"
4179,48,2,reviewed,"sentenceWords,sentenceWordChoices",I like slow songs on a rainy day.,I like slow songs on a rainy day.,"[""fast"", ""rain"", ""song""]",[],"[""I"", ""like"", ""slow"", ""songs on"", ""a"", ""rainy"", ""day""]","[""fast"", ""song"", ""rain""]","[[""비"", ""오는"", ""날엔"", ""느린"", ""노래가"", ""좋아""], [""느린"", ""노래가"", ""비"", ""오는"", ""날엔"", ""좋아""]]"
4180,48,1,reviewed,"sentenceWords,sentenceWordChoices,sentenceTranslateAcceptedAnswers",Let's walk a bit and find a nice spot.,Let's walk a bit and find a nice spot.,"[""walked"", ""found"", ""spots""]",[],"[""Let's"", ""walk"", ""a"", ""bit and"", ""find"", ""a"", ""nice"", ""spot""]","[""walked"", ""found"", ""spots""]","[[""좀"", ""걷다가"", ""괜찮은"", ""자리"", ""찾아보자""]]"
4180,48,2,reviewed,"sentenceWords,sentenceWordChoices,sentenceTranslateAcceptedAnswers","This looks like a nice spot, not too windy.","This looks like a nice spot, not too windy.","[""look"", ""That"", ""spots""]",[],"[""This"", ""looks"", ""like"", ""a"", ""nice"", ""spot not"", ""too"", ""windy""]","[""look"", ""That"", ""spots""]","[[""여기"", ""괜찮은"", ""자리"", ""같아"", ""바람도"", ""세지"", ""않고""]]"
4181,48,1,reviewed,"sentenceWords,sentenceWordChoices","Yes, I really need something to drink right now.","Yes, I really need something to drink right now.","[""needed"", ""No"", ""drinks""]",[],"[""Yes"", ""I really"", ""need"", ""something"", ""to"", ""drink right now""]","[""needed"", ""drinks"", ""No""]","[[""응"", ""지금"", ""뭐라도"", ""좀"", ""마셔야겠어""], [""응"", ""뭐라도"", ""좀"", ""지금"", ""마셔야겠어""]]"
4181,48,2,reviewed,"sentenceWords,sentenceWordChoices","Yes, let's grab something to drink on the way.","Yes, let's grab something to drink on the way.","[""drinks"", ""No"", ""grabbed""]",[],"[""Yes"", ""let's"", ""grab"", ""something"", ""to"", ""drink on the way""]","[""No"", ""drinks"", ""grabbed""]","[[""응"", ""가는"", ""길에"", ""마실"", ""거"", ""사"", ""가자""], [""응"", ""마실"", ""거"", ""가는"", ""길에"", ""사"", ""가자""]]"
4182,48,1,reviewed,"sentenceWords,sentenceWordChoices",Check the forecast in the morning before you leave.,Check the forecast in the morning before you leave.,"[""checked"", ""forecasts"", ""after""]","[[""forecasts"", ""forecasted""]]","[""Check"", ""the"", ""forecast in the morning before"", ""you"", ""leave""]","[""after"", ""forecasted"", ""checked""]","[[""아침에"", ""나가기"", ""전에"", ""일기예보"", ""확인해"", ""봐""], [""일기예보"", ""아침에"", ""나가기"", ""전에"", ""확인해"", ""봐""]]"
4182,48,2,reviewed,"sentenceWords,sentenceWordChoices",I check the forecast every hour when I plan trips.,I check the forecast every hour when I plan trips.,"[""forecasts"", ""hours"", ""checked""]","[[""forecasts"", ""forecasted""]]","[""I"", ""check"", ""the"", ""forecast every hour when"", ""I"", ""plan"", ""trips""]","[""checked"", ""forecasted"", ""hours""]","[[""여행"", ""계획"", ""세울"", ""땐"", ""한"", ""시간마다"", ""일기예보"", ""봐""], [""한"", ""시간마다"", ""여행"", ""계획"", ""세울"", ""땐"", ""일기예보"", ""봐""]]"
4183,48,1,reviewed,"sentenceWords,sentenceWordChoices,sentenceTranslateAcceptedAnswers","No problem, we can meet some other day.","No problem, we can meet some other day.","[""problems"", ""met"", ""days""]",[],"[""No"", ""problem"", ""we"", ""can"", ""meet some other day""]","[""met"", ""days"", ""problems""]","[[""괜찮아"", ""다른"", ""날에"", ""만나면"", ""되지""]]"
4183,48,2,reviewed,"sentenceWords,sentenceWordChoices","Let's come back some other day, then.","Let's come back some other day, then.","[""came"", ""go"", ""days""]",[],"[""Let's"", ""come"", ""back some other day then""]","[""go"", ""came"", ""days""]","[[""그럼"", ""다른"", ""날에"", ""다시"", ""오자""], [""그럼"", ""다시"", ""다른"", ""날에"", ""오자""]]"
4184,48,1,reviewed,"sentenceWordChoices,sentenceTranslateAcceptedAnswers",Did you pack your swimsuit?,Did you pack your swimsuit?,"[""packed"", ""my"", ""swimsuits""]","[[""swimsuits"", ""swimming""]]","[""Did"", ""you"", ""pack"", ""your"", ""swimsuit""]","[""packed"", ""my"", ""swimming""]","[[""수영복은"", ""챙겼어""]]"
4184,48,2,reviewed,"sentenceWords,sentenceWordChoices",I packed a lunch for the hike.,I packed a lunch for the hike.,"[""lunches"", ""pack"", ""hikes""]",[],"[""I"", ""packed"", ""a"", ""lunch for the hike""]","[""hikes"", ""lunches"", ""pack""]","[[""하이킹"", ""가려고"", ""도시락을"", ""쌌어""], [""도시락을"", ""하이킹"", ""가려고"", ""쌌어""]]"
4185,48,1,reviewed,"sentenceWords,sentenceWordChoices","Save my number, just in case.","Save my number, just in case.","[""Saved"", ""numbers"", ""your""]","[[""numbers"", ""numbering""]]","[""Save"", ""my"", ""number just in case""]","[""Saved"", ""your"", ""numbering""]","[[""혹시"", ""모르니"", ""내"", ""번호"", ""저장해"", ""둬""], [""내"", ""번호"", ""혹시"", ""모르니"", ""저장해"", ""둬""]]"
4185,48,2,reviewed,"sentenceWords,sentenceWordChoices",I brought extra cash just in case.,I brought extra cash just in case.,"[""bring"", ""less"", ""cases""]",[],"[""I"", ""brought"", ""extra"", ""cash just in case""]","[""bring"", ""less"", ""cases""]","[[""만일을"", ""대비해서"", ""현금을"", ""더"", ""챙겼어""], [""현금을"", ""만일을"", ""대비해서"", ""더"", ""챙겼어""]]"
4186,48,1,reviewed,"sentenceWords,sentenceWordChoices",We stayed indoors all weekend.,We stayed indoors all weekend.,"[""weekends"", ""stay"", ""outdoors""]",[],"[""We"", ""stayed"", ""indoors all weekend""]","[""stay"", ""outdoors"", ""weekends""]","[[""주말"", ""내내"", ""집"", ""안에만"", ""있었어""], [""집"", ""안에만"", ""주말"", ""내내"", ""있었어""]]"
4186,48,2,reviewed,"sentenceWords,sentenceWordChoices",The kids played indoors because of the rain.,The kids played indoors because of the rain.,"[""kid"", ""outdoors"", ""play""]",[],"[""The"", ""kids"", ""played"", ""indoors because of"", ""the"", ""rain""]","[""outdoors"", ""play"", ""kid""]","[[""애들은"", ""비"", ""때문에"", ""실내에서"", ""놀았어""], [""비"", ""때문에"", ""애들은"", ""실내에서"", ""놀았어""]]"
4187,45,1,reviewed,"sentenceWords,sentenceWordChoices",I play soccer in the school yard.,I play soccer in the school yard.,"[""played"", ""plays"", ""schools""]",[],"[""I"", ""play"", ""soccer in"", ""the"", ""school"", ""yard""]","[""schools"", ""played"", ""plays""]","[[""학교"", ""운동장에서"", ""축구"", ""해""], [""축구"", ""학교"", ""운동장에서"", ""해""]]"
4187,45,2,reviewed,"sentenceWords,sentenceWordChoices","Yes, I play soccer every Saturday morning.","Yes, I play soccer every Saturday morning.","[""plays"", ""Sunday"", ""evening""]",[],"[""Yes"", ""I"", ""play"", ""soccer every Saturday morning""]","[""evening"", ""plays"", ""Sunday""]","[[""응"", ""토요일"", ""아침마다"", ""축구"", ""해""], [""응"", ""축구"", ""토요일"", ""아침마다"", ""해""]]"
4188,45,1,reviewed,"sentenceWords,sentenceWordChoices,sentenceTranslateAcceptedAnswers",I lift them to get strong.,I lift them to get strong.,"[""weak"", ""got"", ""lifted""]",[],"[""I"", ""lift"", ""them to"", ""get"", ""strong""]","[""weak"", ""got"", ""lifted""]","[[""튼튼해지려고"", ""드는"", ""거야""]]"
4188,45,2,reviewed,sentenceTranslateAcceptedAnswers,"Yes, milk helps me get strong.","Yes, milk helps me get strong.","[""got"", ""help"", ""weak""]",[],"[""Yes"", ""milk"", ""helps"", ""me"", ""get"", ""strong""]","[""got"", ""help"", ""weak""]","[[""응"", ""우유"", ""마시면"", ""튼튼해져""]]"
4189,45,1,reviewed,sentenceTranslateAcceptedAnswers,Vegetables help me stay healthy.,Vegetables help me stay healthy.,"[""sick"", ""helps"", ""Vegetable""]",[],"[""Vegetables"", ""help"", ""me"", ""stay"", ""healthy""]","[""sick"", ""helps"", ""Vegetable""]","[[""채소를"", ""먹으면"", ""건강하게"", ""지낼"", ""수"", ""있어""]]"
4189,45,2,reviewed,"sentenceWords,sentenceWordChoices,sentenceTranslateAcceptedAnswers","Yes, I sleep early to stay healthy.","Yes, I sleep early to stay healthy.","[""sick"", ""slept"", ""late""]",[],"[""Yes"", ""I"", ""sleep"", ""early to"", ""stay"", ""healthy""]","[""slept"", ""sick"", ""late""]","[[""응"", ""건강하게"", ""지내려고"", ""일찍"", ""자""]]"
4190,45,1,reviewed,"sentenceWords,sentenceWordChoices",I run in the park every morning.,I run in the park every morning.,"[""runs"", ""evening"", ""parks""]",[],"[""I"", ""run"", ""in"", ""the"", ""park every morning""]","[""runs"", ""parks"", ""evening""]","[[""매일"", ""아침"", ""공원에서"", ""뛰어""], [""공원에서"", ""매일"", ""아침"", ""뛰어""]]"
4190,45,2,reviewed,"sentenceWords,sentenceWordChoices",There is a big field in the park.,There is a big field in the park.,"[""are"", ""small"", ""fields""]",[],"[""There"", ""is"", ""a"", ""big"", ""field in the park""]","[""are"", ""small"", ""fields""]","[[""응"", ""공원에"", ""큰"", ""운동장이"", ""있어""], [""응"", ""큰"", ""운동장이"", ""공원에"", ""있어""]]"
4191,45,1,reviewed,"sentenceWords,sentenceWordChoices","I prefer outdoor sports to the gym, even in winter.","I prefer outdoor sports to the gym, even in winter.","[""indoor"", ""prefers"", ""sport""]","[[""sport"", ""sporting""]]","[""I"", ""prefer"", ""outdoor"", ""sports"", ""to"", ""the"", ""gym even in winter""]","[""prefers"", ""indoor"", ""sporting""]","[[""겨울에도"", ""헬스장보다"", ""야외"", ""운동이"", ""더"", ""좋아""], [""헬스장보다"", ""야외"", ""운동이"", ""겨울에도"", ""더"", ""좋아""]]"
4191,45,2,reviewed,"sentenceWords,sentenceWordChoices",I prefer water to coffee before I exercise.,I prefer water to coffee before I exercise.,"[""after"", ""prefers"", ""exercises""]",[],"[""I"", ""prefer"", ""water"", ""to"", ""coffee before"", ""I"", ""exercise""]","[""exercises"", ""prefers"", ""after""]","[[""운동"", ""전에는"", ""커피보다"", ""물이"", ""더"", ""좋아""], [""커피보다"", ""물이"", ""운동"", ""전에는"", ""더"", ""좋아""]]"
4192,45,1,reviewed,"sentenceWords,sentenceWordChoices",Definitely — I have more energy at work all day.,Definitely — I have more energy at work all day.,"[""less"", ""works"", ""has""]",[],"[""Definitely I"", ""have"", ""more"", ""energy at work all day""]","[""works"", ""less"", ""has""]","[[""확실히"", ""달라"", ""회사에서"", ""하루"", ""종일"", ""기운이"", ""더"", ""나""], [""확실히"", ""달라"", ""기운이"", ""회사에서"", ""하루"", ""종일"", ""더"", ""나""]]"
4192,45,2,reviewed,"sentenceWords,sentenceWordChoices,sentenceTranslateAcceptedAnswers",I have more energy now that I drink water instead.,I have more energy now that I drink water instead.,"[""has"", ""drank"", ""less""]",[],"[""I"", ""have"", ""more"", ""energy now that"", ""I"", ""drink"", ""water instead""]","[""less"", ""drank"", ""has""]","[[""대신"", ""물을"", ""마시니까"", ""기운이"", ""더"", ""나""]]"
4193,45,1,reviewed,"sentenceWords,sentenceWordChoices","Let's try something new this weekend, then.","Let's try something new this weekend, then.","[""that"", ""tried"", ""old""]",[],"[""Let's"", ""try"", ""something"", ""new this weekend then""]","[""tried"", ""old"", ""that""]","[[""그럼"", ""이번"", ""주말에"", ""새로운"", ""거"", ""해보자""], [""그럼"", ""새로운"", ""거"", ""이번"", ""주말에"", ""해보자""]]"
4193,45,2,reviewed,"sentenceWords,sentenceWordChoices","A little, so I might try something new next month.","A little, so I might try something new next month.","[""old"", ""tried"", ""last""]",[],"[""A"", ""little"", ""so"", ""I"", ""might"", ""try"", ""something"", ""new next month""]","[""old"", ""last"", ""tried""]","[[""좀"", ""그래서"", ""다음"", ""달엔"", ""새로운"", ""걸"", ""해볼까"", ""해""], [""좀"", ""그래서"", ""새로운"", ""걸"", ""다음"", ""달엔"", ""해볼까"", ""해""]]"
4194,45,1,reviewed,"sentenceWords,sentenceWordChoices,sentenceTranslateAcceptedAnswers","We can meet in front of the library, if that's easy.","We can meet in front of the library, if that's easy.","[""behind"", ""libraries"", ""met""]",[],"[""We"", ""can"", ""meet"", ""in"", ""front"", ""of"", ""the"", ""library if"", ""that's"", ""easy""]","[""libraries"", ""met"", ""behind""]","[[""편하면"", ""도서관"", ""앞에서"", ""만나면"", ""돼""], [""도서관"", ""앞에서"", ""편하면"", ""만나면"", ""돼""]]"
4194,45,2,reviewed,"sentenceWords,sentenceWordChoices,sentenceTranslateAcceptedAnswers",Just meet in front of the ticket machines.,Just meet in front of the ticket machines.,"[""machine"", ""met"", ""behind""]","[[""machine"", ""machining""]]","[""Just meet"", ""in"", ""front"", ""of"", ""the"", ""ticket"", ""machines""]","[""machining"", ""met"", ""behind""]","[[""그냥"", ""표"", ""사는"", ""기계"", ""앞에서"", ""만나""]]"
4195,45,1,reviewed,sentenceTranslateAcceptedAnswers,Running is a great way to get in shape.,Running is a great way to get in shape.,"[""was"", ""Run"", ""ways""]",[],"[""Running"", ""is"", ""a"", ""great"", ""way"", ""to"", ""get"", ""in"", ""shape""]","[""was"", ""Run"", ""ways""]","[[""달리기는"", ""몸"", ""만들기에"", ""최고야""], [""몸"", ""만들기에"", ""달리기는"", ""최고야""]]"
4195,45,2,reviewed,"sentenceWords,sentenceWordChoices",He got in shape for the wedding.,He got in shape for the wedding.,"[""weddings"", ""She"", ""get""]",[],"[""He"", ""got"", ""in"", ""shape for the wedding""]","[""get"", ""She"", ""weddings""]","[[""걔는"", ""결혼식"", ""앞두고"", ""몸을"", ""만들었어""], [""결혼식"", ""앞두고"", ""걔는"", ""몸을"", ""만들었어""]]"
4196,45,1,reviewed,"sentenceWords,sentenceWordChoices",I hit the gym three times a week.,I hit the gym three times a week.,"[""hits"", ""gyms"", ""four""]",[],"[""I"", ""hit"", ""the"", ""gym three times a week""]","[""four"", ""hits"", ""gyms""]","[[""난"", ""일주일에"", ""세"", ""번"", ""헬스장에"", ""가""], [""일주일에"", ""세"", ""번"", ""난"", ""헬스장에"", ""가""]]"
4196,45,2,reviewed,"sentenceWords,sentenceWordChoices",She hits the gym before work.,She hits the gym before work.,"[""after"", ""He"", ""hit""]",[],"[""She"", ""hits"", ""the"", ""gym before work""]","[""after"", ""He"", ""hit""]","[[""걔는"", ""출근"", ""전에"", ""헬스장에"", ""들러""], [""출근"", ""전에"", ""걔는"", ""헬스장에"", ""들러""]]"
4197,45,1,reviewed,"sentenceWordChoices,sentenceTranslateAcceptedAnswers",Protein helps you build muscle.,Protein helps you build muscle.,"[""built"", ""muscles"", ""help""]","[[""muscles"", ""muscular""]]","[""Protein"", ""helps"", ""you"", ""build"", ""muscle""]","[""help"", ""muscular"", ""built""]","[[""단백질은"", ""근육"", ""키우는"", ""데"", ""도움이"", ""돼""], [""근육"", ""키우는"", ""데"", ""단백질은"", ""도움이"", ""돼""]]"
4197,45,2,reviewed,"sentenceWordChoices,sentenceTranslateAcceptedAnswers",It takes time to build muscle.,It takes time to build muscle.,"[""take"", ""built"", ""muscles""]","[[""muscles"", ""muscular""]]","[""It"", ""takes"", ""time"", ""to"", ""build"", ""muscle""]","[""built"", ""take"", ""muscular""]","[[""근육"", ""키우는"", ""건"", ""시간이"", ""걸려""]]"
4198,60,1,reviewed,sentenceWordChoices,I like juice the most.,I like juice the most.,"[""likes"", ""best"", ""water""]","[[""best"", ""betterment""]]","[""I"", ""like"", ""juice"", ""the"", ""most""]","[""betterment"", ""water"", ""likes""]","[[""난"", ""주스가"", ""제일"", ""좋아""], [""주스가"", ""난"", ""제일"", ""좋아""], [""난"", ""제일"", ""주스가"", ""좋아""]]"
4198,60,2,reviewed,sentenceWordChoices,I like art the most.,I like art the most.,"[""music"", ""likes"", ""best""]","[[""best"", ""betterment""]]","[""I"", ""like"", ""art"", ""the"", ""most""]","[""music"", ""likes"", ""betterment""]","[[""난"", ""미술이"", ""제일"", ""좋아""], [""미술이"", ""난"", ""제일"", ""좋아""], [""난"", ""제일"", ""미술이"", ""좋아""]]"
4199,60,1,reviewed,"sentenceWords,sentenceWordChoices",I have to go home before sunset.,I have to go home before sunset.,"[""after"", ""sunrise"", ""goes""]",[],"[""I"", ""have"", ""to"", ""go"", ""home before sunset""]","[""sunrise"", ""goes"", ""after""]","[[""해"", ""지기"", ""전에는"", ""집에"", ""가야"", ""해""], [""집에"", ""해"", ""지기"", ""전에는"", ""가야"", ""해""]]"
4199,60,2,reviewed,"sentenceWords,sentenceWordChoices,sentenceTranslateAcceptedAnswers",We can finish before sunset.,We can finish before sunset.,"[""sunrise"", ""start"", ""after""]",[],"[""We"", ""can"", ""finish before"", ""sunset""]","[""sunrise"", ""after"", ""start""]","[[""해"", ""지기"", ""전에"", ""끝낼"", ""수"", ""있어""]]"
4200,60,1,reviewed,none,My school is near the river.,My school is near the river.,"[""Your"", ""schools"", ""far""]",[],"[""My"", ""school"", ""is"", ""near"", ""the"", ""river""]","[""Your"", ""schools"", ""far""]","[[""우리"", ""학교는"", ""강"", ""근처에"", ""있어""], [""강"", ""근처에"", ""우리"", ""학교는"", ""있어""]]"
4200,60,2,reviewed,"sentenceWords,sentenceWordChoices,sentenceTranslateAcceptedAnswers",I saw them near the river.,I saw them near the river.,"[""see"", ""him"", ""far""]",[],"[""I"", ""saw"", ""them near"", ""the"", ""river""]","[""him"", ""see"", ""far""]","[[""강"", ""근처에서"", ""봤어""]]"
4201,60,1,reviewed,sentenceWordChoices,I use my phone as a clock.,I use my phone as a clock.,"[""watch"", ""your"", ""uses""]","[[""watch"", ""watched""]]","[""I"", ""use"", ""my"", ""phone"", ""as"", ""a"", ""clock""]","[""watched"", ""uses"", ""your""]","[[""난"", ""폰을"", ""시계로"", ""써""], [""난"", ""시계로"", ""폰을"", ""써""], [""시계로"", ""난"", ""폰을"", ""써""]]"
4201,60,2,reviewed,sentenceTranslateAcceptedAnswers,"No, I use my phone.","No, I use my phone.","[""your"", ""Yes"", ""uses""]",[],"[""No"", ""I"", ""use"", ""my"", ""phone""]","[""your"", ""Yes"", ""uses""]","[[""아니"", ""난"", ""폰"", ""써""]]"
4202,60,1,reviewed,"sentenceWords,sentenceWordChoices,sentenceTranslateAcceptedAnswers",Amazing. I had never seen such wide open spaces.,Amazing. I had never seen such wide open spaces.,"[""narrow"", ""see"", ""has""]",[],"[""Amazing I"", ""had never"", ""seen"", ""such"", ""wide"", ""open"", ""spaces""]","[""has"", ""see"", ""narrow""]","[[""진짜"", ""좋았어"", ""그렇게"", ""탁"", ""트인"", ""곳은"", ""처음"", ""봤어""]]"
4202,60,2,reviewed,"sentenceWords,sentenceWordChoices,sentenceTranslateAcceptedAnswers",I miss wide open spaces after five years downtown.,I miss wide open spaces after five years downtown.,"[""before"", ""year"", ""missed""]",[],"[""I"", ""miss"", ""wide"", ""open"", ""spaces"", ""after five years"", ""downtown""]","[""before"", ""year"", ""missed""]","[[""시내에서"", ""5년"", ""살았더니"", ""탁"", ""트인"", ""곳이"", ""그리워""]]"
4203,60,1,reviewed,"sentenceWords,sentenceWordChoices,sentenceTranslateAcceptedAnswers","The best time to visit is April, when the cherry blossoms open.","The best time to visit is April, when the cherry blossoms open.","[""March"", ""visits"", ""opens""]",[],"[""The"", ""best"", ""time"", ""to"", ""visit"", ""is"", ""April when"", ""the"", ""cherry"", ""blossoms"", ""open""]","[""opens"", ""March"", ""visits""]","[[""가기"", ""제일"", ""좋은"", ""때는"", ""4월이야"", ""벚꽃이"", ""필"", ""때거든""]]"
4203,60,2,reviewed,"sentenceWords,sentenceWordChoices,sentenceTranslateAcceptedAnswers",The best time to work out is before seven in the morning.,The best time to work out is before seven in the morning.,"[""after"", ""evening"", ""works""]",[],"[""The"", ""best"", ""time"", ""to"", ""work"", ""out"", ""is"", ""before"", ""seven in the morning""]","[""works"", ""evening"", ""after""]","[[""운동하기"", ""제일"", ""좋은"", ""때는"", ""아침"", ""7시"", ""전이야""]]"
4204,60,1,reviewed,"sentenceWordChoices,sentenceTranslateAcceptedAnswers","Small, but the view from our window was incredible.","Small, but the view from our window was incredible.","[""were"", ""my"", ""Big""]","[[""my"", ""mine""]]","[""Small"", ""but"", ""the"", ""view"", ""from"", ""our"", ""window"", ""was"", ""incredible""]","[""mine"", ""were"", ""Big""]","[[""작았는데"", ""창문에서"", ""보이는"", ""경치가"", ""끝내줬어""]]"
4204,60,2,reviewed,"sentenceWords,sentenceWordChoices,sentenceTranslateAcceptedAnswers",Definitely. The view from the top made us forget the climb.,Definitely. The view from the top made us forget the climb.,"[""views"", ""bottom"", ""them""]","[[""views"", ""viewing""]]","[""Definitely The"", ""view"", ""from"", ""the"", ""top"", ""made"", ""us"", ""forget"", ""the"", ""climb""]","[""viewing"", ""them"", ""bottom""]","[[""완전"", ""정상에서"", ""보이는"", ""경치를"", ""보니까"", ""올라온"", ""게"", ""하나도"", ""안"", ""힘들더라""]]"
4205,60,1,reviewed,"sentenceWords,sentenceWordChoices,sentenceTranslateAcceptedAnswers","Yours is better, so let's follow that one.","Yours is better, so let's follow that one.","[""followed"", ""Mine"", ""best""]",[],"[""Yours"", ""is"", ""better so"", ""let's"", ""follow"", ""that"", ""one""]","[""best"", ""followed"", ""Mine""]","[[""네"", ""게"", ""더"", ""나으니까"", ""그걸로"", ""하자""]]"
4205,60,2,reviewed,"sentenceWords,sentenceWordChoices","Honestly, yours is better organized than mine.","Honestly, yours is better organized than mine.","[""organize"", ""my"", ""best""]",[],"[""Honestly yours"", ""is"", ""better organized"", ""than"", ""mine""]","[""my"", ""best"", ""organize""]","[[""솔직히"", ""네"", ""게"", ""정리가"", ""더"", ""잘"", ""됐어""], [""네"", ""게"", ""솔직히"", ""정리가"", ""더"", ""잘"", ""됐어""]]"
4206,60,1,reviewed,"sentenceWords,sentenceWordChoices",We divided up the chores.,We divided up the chores.,"[""chore"", ""divide"", ""down""]","[[""chore"", ""divides""]]","[""We"", ""divided up the"", ""chores""]","[""divide"", ""down"", ""divides""]","[[""우리는"", ""집안일을"", ""분담했어""], [""집안일을"", ""우리는"", ""분담했어""]]"
4206,60,2,reviewed,"sentenceWords,sentenceWordChoices",Let's divide up the reading by chapter.,Let's divide up the reading by chapter.,"[""chapters"", ""divided"", ""down""]","[[""chapters"", ""divides""]]","[""Let's"", ""divide up the"", ""reading by chapter""]","[""down"", ""divided"", ""divides""]","[[""읽을"", ""분량을"", ""챕터별로"", ""나누자""], [""챕터별로"", ""읽을"", ""분량을"", ""나누자""]]"
4207,60,1,reviewed,"sentenceWords,sentenceWordChoices,sentenceTranslateAcceptedAnswers",The beach looks unreal at golden hour.,The beach looks unreal at golden hour.,"[""real"", ""hours"", ""look""]",[],"[""The"", ""beach"", ""looks"", ""unreal at golden hour""]","[""real"", ""look"", ""hours""]","[[""골든아워의"", ""바닷가는"", ""진짜"", ""비현실적으로"", ""예뻐""]]"
4207,60,2,reviewed,"sentenceWords,sentenceWordChoices",We waited two hours for golden hour.,We waited two hours for golden hour.,"[""wait"", ""minutes"", ""three""]",[],"[""We"", ""waited"", ""two"", ""hours for golden hour""]","[""three"", ""minutes"", ""wait""]","[[""골든아워"", ""기다리느라"", ""두"", ""시간을"", ""버텼어""], [""두"", ""시간을"", ""골든아워"", ""기다리느라"", ""버텼어""]]"
4208,60,1,reviewed,"sentenceWords,sentenceWordChoices",Her performance last night was absolutely breathtaking.,Her performance last night was absolutely breathtaking.,"[""were"", ""performances"", ""His""]","[[""His"", ""Him""]]","[""Her"", ""performance last night"", ""was absolutely"", ""breathtaking""]","[""Him"", ""were"", ""performances""]","[[""어젯밤"", ""그"", ""사람"", ""공연은"", ""진짜"", ""숨"", ""막히게"", ""멋졌어""], [""그"", ""사람"", ""공연은"", ""어젯밤"", ""진짜"", ""숨"", ""막히게"", ""멋졌어""]]"
4208,60,2,reviewed,none,We drove through a breathtaking mountain pass.,We drove through a breathtaking mountain pass.,"[""mountains"", ""passes"", ""drive""]",[],"[""We"", ""drove"", ""through"", ""a"", ""breathtaking"", ""mountain"", ""pass""]","[""mountains"", ""passes"", ""drive""]","[[""우리"", ""숨"", ""막히게"", ""멋진"", ""산길을"", ""차로"", ""지나갔어""], [""우리"", ""차로"", ""숨"", ""막히게"", ""멋진"", ""산길을"", ""지나갔어""]]"
4209,59,1,reviewed,"sentenceWordChoices,sentenceTranslateAcceptedAnswers",Can I add my brother?,Can I add my brother?,"[""added"", ""Could"", ""your""]","[[""Could"", ""Does""]]","[""Can"", ""I"", ""add"", ""my"", ""brother""]","[""your"", ""Does"", ""added""]","[[""제"", ""동생도"", ""넣어도"", ""될까요""]]"
4209,59,2,reviewed,"sentenceWordChoices,sentenceTranslateAcceptedAnswers",Can I add a small salad?,Can I add a small salad?,"[""Could"", ""big"", ""salads""]","[[""Could"", ""Does""]]","[""Can"", ""I"", ""add"", ""a"", ""small"", ""salad""]","[""Does"", ""salads"", ""big""]","[[""작은"", ""샐러드"", ""하나"", ""추가해도"", ""될까요""]]"
4210,59,1,reviewed,"sentenceWords,sentenceWordChoices,sentenceTranslateAcceptedAnswers","No, I bought it without the coupon.","No, I bought it without the coupon.","[""Yes"", ""buy"", ""with""]",[],"[""No"", ""I"", ""bought"", ""it without"", ""the"", ""coupon""]","[""buy"", ""with"", ""Yes""]","[[""아니요"", ""쿠폰"", ""없이"", ""샀어요""]]"
4210,59,2,reviewed,"sentenceWords,sentenceWordChoices,sentenceTranslateAcceptedAnswers","Yes, I will order without the coupon.","Yes, I will order without the coupon.","[""ordered"", ""with"", ""No""]",[],"[""Yes"", ""I"", ""will"", ""order without"", ""the"", ""coupon""]","[""ordered"", ""with"", ""No""]","[[""네"", ""쿠폰"", ""없이"", ""주문할게요""]]"
4211,59,1,reviewed,sentenceTranslateAcceptedAnswers,I need one more item.,I need one more item.,"[""items"", ""needs"", ""two""]",[],"[""I"", ""need"", ""one"", ""more"", ""item""]","[""items"", ""needs"", ""two""]","[[""하나만"", ""더"", ""담으면"", ""돼요""], [""더"", ""하나만"", ""담으면"", ""돼요""]]"
4211,59,2,reviewed,"sentenceWords,sentenceWordChoices,sentenceTranslateAcceptedAnswers","Yes, and one more item too.","Yes, and one more item too.","[""No"", ""items"", ""two""]",[],"[""Yes"", ""and"", ""one"", ""more"", ""item too""]","[""No"", ""items"", ""two""]","[[""네"", ""하나"", ""더"", ""있어요""]]"
4212,59,1,reviewed,sentenceTranslateAcceptedAnswers,This is my phone number.,This is my phone number.,"[""your"", ""These"", ""numbers""]",[],"[""This"", ""is"", ""my"", ""phone"", ""number""]","[""your"", ""These"", ""numbers""]","[[""이게"", ""제"", ""전화번호예요""]]"
4212,59,2,reviewed,"sentenceWords,sentenceWordChoices",I wrote my phone number here.,I wrote my phone number here.,"[""numbers"", ""write"", ""your""]",[],"[""I"", ""wrote"", ""my"", ""phone"", ""number here""]","[""your"", ""numbers"", ""write""]","[[""여기에"", ""제"", ""전화번호를"", ""적었어요""], [""제"", ""전화번호를"", ""여기에"", ""적었어요""]]"
4213,59,1,reviewed,"sentenceWords,sentenceWordChoices,sentenceTranslateAcceptedAnswers",How much more do I need for free shipping?,How much more do I need for free shipping?,"[""less"", ""many"", ""needs""]",[],"[""How"", ""much"", ""more"", ""do"", ""I"", ""need for free shipping""]","[""many"", ""needs"", ""less""]","[[""무료"", ""배송"", ""되려면"", ""얼마나"", ""더"", ""담아야"", ""하나요""]]"
4213,59,2,reviewed,"sentenceWords,sentenceWordChoices,sentenceTranslateAcceptedAnswers",How much more do I need to reach silver?,How much more do I need to reach silver?,"[""many"", ""gold"", ""less""]",[],"[""How"", ""much"", ""more"", ""do"", ""I"", ""need to reach"", ""silver""]","[""less"", ""gold"", ""many""]","[[""실버"", ""되려면"", ""얼마나"", ""더"", ""써야"", ""하나요""]]"
4214,59,1,reviewed,"sentenceWords,sentenceWordChoices,sentenceTranslateAcceptedAnswers","I'll take it, even if I pay full price.","I'll take it, even if I pay full price.","[""took"", ""prices"", ""half""]",[],"[""I'll"", ""take"", ""it even if"", ""I"", ""pay"", ""full"", ""price""]","[""took"", ""prices"", ""half""]","[[""정가를"", ""다"", ""내더라도"", ""살게요""]]"
4214,59,2,reviewed,"sentenceWords,sentenceWordChoices","No, I had to pay full price this time.","No, I had to pay full price this time.","[""Yes"", ""half"", ""paid""]",[],"[""No"", ""I"", ""had"", ""to"", ""pay"", ""full"", ""price this time""]","[""paid"", ""half"", ""Yes""]","[[""아니요"", ""이번엔"", ""정가를"", ""다"", ""냈어요""], [""아니요"", ""정가를"", ""이번엔"", ""다"", ""냈어요""]]"
4215,59,1,reviewed,"sentenceWords,sentenceWordChoices,sentenceTranslateAcceptedAnswers","It's a good deal, but I only need one.","It's a good deal, but I only need one.","[""deals"", ""two"", ""bad""]",[],"[""It's"", ""a"", ""good"", ""deal"", ""but"", ""I only need"", ""one""]","[""bad"", ""two"", ""deals""]","[[""조건은"", ""괜찮은데"", ""저는"", ""하나만"", ""필요해서요""], [""조건은"", ""괜찮은데"", ""하나만"", ""저는"", ""필요해서요""]]"
4215,59,2,reviewed,"sentenceWords,sentenceWordChoices,sentenceTranslateAcceptedAnswers","It's a good deal, so please switch me over.","It's a good deal, so please switch me over.","[""bad"", ""switched"", ""deals""]",[],"[""It's"", ""a"", ""good"", ""deal so"", ""please switch"", ""me"", ""over""]","[""switched"", ""bad"", ""deals""]","[[""괜찮은"", ""조건이네요"", ""바꿔"", ""주세요""]]"
4216,59,1,reviewed,"sentenceWords,sentenceWordChoices","Sure, if I can earn points on every order.","Sure, if I can earn points on every order.","[""some"", ""earned"", ""orders""]",[],"[""Sure"", ""if"", ""I"", ""can"", ""earn"", ""points on every order""]","[""earned"", ""orders"", ""some""]","[[""네"", ""주문할"", ""때마다"", ""포인트가"", ""쌓인다면요""], [""네"", ""포인트가"", ""주문할"", ""때마다"", ""쌓인다면요""]]"
4216,59,2,reviewed,"sentenceWords,sentenceWordChoices,sentenceTranslateAcceptedAnswers","Only abroad, because I earn points on travel.","Only abroad, because I earn points on travel.","[""point"", ""home"", ""earned""]",[],"[""Only"", ""abroad because"", ""I"", ""earn"", ""points on travel""]","[""earned"", ""point"", ""home""]","[[""해외에서만요"", ""여행에"", ""쓰면"", ""포인트가"", ""쌓여서요""]]"
4217,59,1,reviewed,"sentenceWords,sentenceWordChoices",The cashier rang up my groceries.,The cashier rang up my groceries.,"[""ring"", ""cashiers"", ""your""]","[[""cashiers"", ""cashing""]]","[""The"", ""cashier"", ""rang up my"", ""groceries""]","[""ring"", ""your"", ""cashing""]","[[""점원이"", ""장"", ""본"", ""물건들을"", ""계산했어""], [""장"", ""본"", ""물건들을"", ""점원이"", ""계산했어""]]"
4217,59,2,reviewed,"sentenceWords,sentenceWordChoices",She rang up the wrong price.,She rang up the wrong price.,"[""ring"", ""He"", ""right""]","[[""He"", ""His""]]","[""She"", ""rang up the"", ""wrong"", ""price""]","[""ring"", ""right"", ""His""]","[[""직원이"", ""가격을"", ""잘못"", ""찍었어""], [""가격을"", ""직원이"", ""잘못"", ""찍었어""]]"
4218,59,1,reviewed,"sentenceWords,sentenceWordChoices,sentenceTranslateAcceptedAnswers",Add one more item to meet the minimum for free shipping.,Add one more item to meet the minimum for free shipping.,"[""Added"", ""items"", ""maximum""]",[],"[""Add"", ""one"", ""more"", ""item to meet"", ""the"", ""minimum"", ""for"", ""free"", ""shipping""]","[""maximum"", ""items"", ""Added""]","[[""무료"", ""배송"", ""최소"", ""금액"", ""채우려면"", ""하나만"", ""더"", ""담아""], [""무료"", ""배송"", ""최소"", ""금액"", ""채우려면"", ""더"", ""하나만"", ""담아""]]"
4218,59,2,reviewed,sentenceTranslateAcceptedAnswers,Does this order meet the minimum?,Does this order meet the minimum?,"[""maximum"", ""Do"", ""that""]",[],"[""Does"", ""this"", ""order"", ""meet"", ""the"", ""minimum""]","[""maximum"", ""Do"", ""that""]","[[""이"", ""주문이면"", ""최소"", ""금액이"", ""되나요""]]"
4219,59,1,reviewed,"sentenceWords,sentenceWordChoices,sentenceTranslateAcceptedAnswers",I'm two dollars short for the bus fare.,I'm two dollars short for the bus fare.,"[""three"", ""dollar"", ""long""]",[],"[""I'm"", ""two"", ""dollars"", ""short for"", ""the"", ""bus"", ""fare""]","[""dollar"", ""long"", ""three""]","[[""버스비가"", ""2달러"", ""모자라""], [""2달러"", ""버스비가"", ""모자라""]]"
4219,59,2,reviewed,"sentenceWords,sentenceWordChoices,sentenceTranslateAcceptedAnswers",We're one person short for the game.,We're one person short for the game.,"[""long"", ""people"", ""two""]",[],"[""We're"", ""one"", ""person"", ""short for"", ""the"", ""game""]","[""long"", ""two"", ""people""]","[[""게임"", ""하려면"", ""한"", ""명이"", ""모자라""], [""한"", ""명이"", ""게임"", ""하려면"", ""모자라""]]"
4220,51,1,reviewed,"sentenceWords,sentenceWordChoices","No, the machine stopped suddenly.","No, the machine stopped suddenly.","[""stop"", ""Yes"", ""machines""]",[],"[""No"", ""the"", ""machine stopped suddenly""]","[""stop"", ""Yes"", ""machines""]","[[""아니요"", ""기계가"", ""갑자기"", ""멈췄어요""], [""아니요"", ""갑자기"", ""기계가"", ""멈췄어요""]]"
4220,51,2,reviewed,"sentenceWords,sentenceWordChoices",The machine stopped in the middle.,The machine stopped in the middle.,"[""end"", ""machines"", ""stop""]","[[""machines"", ""machining""]]","[""The"", ""machine"", ""stopped in the middle""]","[""stop"", ""end"", ""machining""]","[[""기계가"", ""중간에"", ""멈췄어요""], [""중간에"", ""기계가"", ""멈췄어요""]]"
4221,51,1,reviewed,"sentenceWords,sentenceWordChoices,sentenceTranslateAcceptedAnswers",Just press the button on top.,Just press the button on top.,"[""buttons"", ""pressed"", ""bottom""]",[],"[""Just press"", ""the"", ""button on top""]","[""bottom"", ""pressed"", ""buttons""]","[[""위에"", ""있는"", ""버튼만"", ""누르시면"", ""돼요""]]"
4221,51,2,reviewed,"sentenceWords,sentenceWordChoices",Please press the button for five.,Please press the button for five.,"[""pressed"", ""buttons"", ""four""]",[],"[""Please press"", ""the"", ""button"", ""for"", ""five""]","[""four"", ""buttons"", ""pressed""]","[[""5층"", ""버튼"", ""좀"", ""눌러"", ""주세요""], [""좀"", ""5층"", ""버튼"", ""눌러"", ""주세요""]]"
4222,51,1,reviewed,"sentenceWordChoices,sentenceTranslateAcceptedAnswers","That's all, thank you.","That's all, thank you.","[""some"", ""thanks"", ""me""]","[[""thanks"", ""thankful""]]","[""That's"", ""all"", ""thank"", ""you""]","[""me"", ""some"", ""thankful""]","[[""그게"", ""다예요"", ""감사합니다""], [""감사합니다"", ""그게"", ""다예요""]]"
4222,51,2,reviewed,"sentenceWords,sentenceWordChoices","No, that's all this week.","No, that's all this week.","[""some"", ""weeks"", ""Yes""]",[],"[""No"", ""that's"", ""all this week""]","[""some"", ""Yes"", ""weeks""]","[[""아니요"", ""이번"", ""주는"", ""그게"", ""다예요""], [""아니요"", ""그게"", ""이번"", ""주는"", ""다예요""]]"
4223,51,1,reviewed,"sentenceWords,sentenceWordChoices,sentenceTranslateAcceptedAnswers",I'll be back before dinner.,I'll be back before dinner.,"[""been"", ""I've"", ""after""]",[],"[""I'll"", ""be"", ""back before"", ""dinner""]","[""I've"", ""been"", ""after""]","[[""저녁"", ""먹기"", ""전에"", ""돌아올게요""]]"
4223,51,2,reviewed,"sentenceWords,sentenceWordChoices,sentenceTranslateAcceptedAnswers","Yes, I'll be back after lunch.","Yes, I'll be back after lunch.","[""before"", ""been"", ""No""]",[],"[""Yes"", ""I'll"", ""be"", ""back after"", ""lunch""]","[""been"", ""No"", ""before""]","[[""네"", ""점심"", ""먹고"", ""돌아올게요""]]"
4224,51,1,reviewed,"sentenceWords,sentenceWordChoices",Hold it up and scan the barcode under the screen.,Hold it up and scan the barcode under the screen.,"[""over"", ""barcodes"", ""scanned""]",[],"[""Hold"", ""it"", ""up and scan"", ""the"", ""barcode under the screen""]","[""scanned"", ""over"", ""barcodes""]","[[""들어서"", ""화면"", ""아래에"", ""바코드를"", ""찍으시면"", ""돼요""], [""들어서"", ""바코드를"", ""화면"", ""아래에"", ""찍으시면"", ""돼요""]]"
4224,51,2,reviewed,"sentenceWords,sentenceWordChoices",You have to scan the barcode on your ticket first.,You have to scan the barcode on your ticket first.,"[""barcodes"", ""my"", ""scanned""]",[],"[""You"", ""have"", ""to"", ""scan"", ""the"", ""barcode"", ""on"", ""your"", ""ticket first""]","[""my"", ""barcodes"", ""scanned""]","[[""먼저"", ""표에"", ""있는"", ""바코드를"", ""찍으셔야"", ""해요""], [""표에"", ""있는"", ""바코드를"", ""먼저"", ""찍으셔야"", ""해요""]]"
4225,51,1,reviewed,"sentenceWords,sentenceWordChoices,sentenceTranslateAcceptedAnswers","No, I fell asleep halfway through it.","No, I fell asleep halfway through it.","[""fall"", ""awake"", ""Yes""]",[],"[""No"", ""I"", ""fell"", ""asleep halfway through"", ""it""]","[""awake"", ""Yes"", ""fall""]","[[""아니요"", ""보다가"", ""중간에"", ""잠들었어요""]]"
4225,51,2,reviewed,"sentenceWords,sentenceWordChoices",My legs gave out halfway through the race.,My legs gave out halfway through the race.,"[""Your"", ""leg"", ""races""]","[[""leg"", ""legged""]]","[""My"", ""legs"", ""gave"", ""out halfway through"", ""the"", ""race""]","[""races"", ""Your"", ""legged""]","[[""경기"", ""중간쯤에"", ""다리가"", ""풀렸어요""], [""다리가"", ""경기"", ""중간쯤에"", ""풀렸어요""]]"
4226,51,1,reviewed,"sentenceWords,sentenceWordChoices,sentenceTranslateAcceptedAnswers",The total looks too high. Could you check it?,The total looks too high. Could you check it?,"[""look"", ""low"", ""totals""]",[],"[""The"", ""total"", ""looks"", ""too"", ""high Could"", ""you"", ""check"", ""it""]","[""totals"", ""low"", ""look""]","[[""합계가"", ""너무"", ""많이"", ""나온"", ""것"", ""같아요"", ""한번"", ""봐"", ""주시겠어요""]]"
4226,51,2,reviewed,"sentenceWords,sentenceWordChoices,sentenceTranslateAcceptedAnswers",The heater makes a loud noise. Could you check it?,The heater makes a loud noise. Could you check it?,"[""make"", ""quiet"", ""heaters""]",[],"[""The"", ""heater"", ""makes"", ""a"", ""loud"", ""noise Could"", ""you"", ""check"", ""it""]","[""quiet"", ""heaters"", ""make""]","[[""히터에서"", ""큰"", ""소리가"", ""나요"", ""확인해"", ""주시겠어요""]]"
4227,51,1,reviewed,"sentenceWords,sentenceWordChoices,sentenceTranslateAcceptedAnswers",Try the fruit section near the entrance.,Try the fruit section near the entrance.,"[""fruits"", ""Tried"", ""exit""]","[[""fruits"", ""fruity""]]","[""Try"", ""the"", ""fruit"", ""section near the entrance""]","[""exit"", ""fruity"", ""Tried""]","[[""입구"", ""쪽"", ""과일"", ""코너에"", ""가"", ""보세요""]]"
4227,51,2,reviewed,"sentenceWords,sentenceWordChoices",You take the fruit section and I'll do the rest.,You take the fruit section and I'll do the rest.,"[""fruits"", ""sections"", ""took""]","[[""fruits"", ""fruity""]]","[""You"", ""take"", ""the"", ""fruit"", ""section and"", ""I'll"", ""do"", ""the"", ""rest""]","[""fruity"", ""took"", ""sections""]","[[""과일"", ""코너"", ""맡아"", ""주시면"", ""나머지는"", ""제가"", ""할게요""], [""과일"", ""코너"", ""맡아"", ""주시면"", ""제가"", ""나머지는"", ""할게요""]]"
4228,51,1,reviewed,"sentenceWords,sentenceWordChoices",My laptop froze in the middle of the exam.,My laptop froze in the middle of the exam.,"[""Your"", ""freeze"", ""laptops""]","[[""laptops"", ""lapped""]]","[""My"", ""laptop"", ""froze in the middle of"", ""the"", ""exam""]","[""freeze"", ""Your"", ""lapped""]","[[""시험"", ""도중에"", ""노트북이"", ""멈춰버렸어""], [""노트북이"", ""시험"", ""도중에"", ""멈춰버렸어""]]"
4228,51,2,reviewed,"sentenceWords,sentenceWordChoices",The app keeps freezing on my phone.,The app keeps freezing on my phone.,"[""keep"", ""froze"", ""your""]",[],"[""The"", ""app"", ""keeps"", ""freezing on my phone""]","[""keep"", ""froze"", ""your""]","[[""내"", ""폰에서"", ""그"", ""앱이"", ""자꾸"", ""멈춰""], [""그"", ""앱이"", ""내"", ""폰에서"", ""자꾸"", ""멈춰""]]"
4229,51,1,reviewed,"sentenceWords,sentenceWordChoices,sentenceTranslateAcceptedAnswers",Wait here — this won't take long.,Wait here — this won't take long.,"[""Waited"", ""there"", ""will""]",[],"[""Wait"", ""here this"", ""won't"", ""take"", ""long""]","[""Waited"", ""will"", ""there""]","[[""여기서"", ""기다려"", ""금방"", ""끝나""]]"
4229,51,2,reviewed,"sentenceWords,sentenceWordChoices,sentenceTranslateAcceptedAnswers","The meeting won't take long, I promise.","The meeting won't take long, I promise.","[""will"", ""took"", ""meetings""]",[],"[""The"", ""meeting"", ""won't"", ""take"", ""long I promise""]","[""will"", ""took"", ""meetings""]","[[""회의"", ""금방"", ""끝날"", ""거야"", ""약속해""]]"
4230,43,1,reviewed,sentenceTranslateAcceptedAnswers,I will take the action one.,I will take the action one.,"[""took"", ""takes"", ""comedy""]",[],"[""I"", ""will"", ""take"", ""the"", ""action"", ""one""]","[""took"", ""takes"", ""comedy""]","[[""액션"", ""쪽으로"", ""할게요""]]"
4230,43,2,reviewed,"sentenceWords,sentenceWordChoices,sentenceTranslateAcceptedAnswers","I want the action one, please.","I want the action one, please.","[""wanted"", ""comedy"", ""wants""]",[],"[""I"", ""want"", ""the"", ""action"", ""one please""]","[""wants"", ""wanted"", ""comedy""]","[[""액션"", ""쪽으로"", ""주세요""]]"
4231,43,1,reviewed,"sentenceWords,sentenceWordChoices,sentenceTranslateAcceptedAnswers","Just one ticket for me, please.","Just one ticket for me, please.","[""you"", ""two"", ""tickets""]",[],"[""Just one"", ""ticket"", ""for"", ""me please""]","[""tickets"", ""you"", ""two""]","[[""저"", ""혼자라서"", ""한"", ""장만"", ""주세요""]]"
4231,43,2,reviewed,"sentenceWords,sentenceWordChoices,sentenceTranslateAcceptedAnswers","Just one ticket to London, please.","Just one ticket to London, please.","[""Paris"", ""tickets"", ""from""]",[],"[""Just one"", ""ticket"", ""to"", ""London please""]","[""tickets"", ""from"", ""Paris""]","[[""런던까지"", ""한"", ""장만"", ""주세요""], [""한"", ""장만"", ""런던까지"", ""주세요""]]"
4232,43,1,reviewed,"sentenceWords,sentenceWordChoices",We will eat at nine o'clock.,We will eat at nine o'clock.,"[""eats"", ""ate"", ""ten""]",[],"[""We"", ""will"", ""eat at nine"", ""o'clock""]","[""ten"", ""eats"", ""ate""]","[[""저희는"", ""9시에"", ""먹을게요""], [""9시에"", ""저희는"", ""먹을게요""]]"
4232,43,2,reviewed,"sentenceWords,sentenceWordChoices",My bus goes at nine o'clock.,My bus goes at nine o'clock.,"[""went"", ""Your"", ""go""]",[],"[""My"", ""bus"", ""goes at nine"", ""o'clock""]","[""go"", ""Your"", ""went""]","[[""제"", ""버스가"", ""9시에"", ""떠나요""], [""9시에"", ""제"", ""버스가"", ""떠나요""]]"
4233,43,1,reviewed,"sentenceWords,sentenceWordChoices",I always eat salad first.,I always eat salad first.,"[""eats"", ""ate"", ""never""]",[],"[""I always"", ""eat"", ""salad first""]","[""eats"", ""never"", ""ate""]","[[""저는"", ""항상"", ""샐러드를"", ""먼저"", ""먹어요""], [""항상"", ""저는"", ""샐러드를"", ""먼저"", ""먹어요""]]"
4233,43,2,reviewed,"sentenceWords,sentenceWordChoices",I always eat eggs in the morning.,I always eat eggs in the morning.,"[""ate"", ""evening"", ""eats""]",[],"[""I always"", ""eat"", ""eggs in the morning""]","[""ate"", ""eats"", ""evening""]","[[""저는"", ""아침에"", ""항상"", ""달걀을"", ""먹어요""], [""아침에"", ""저는"", ""항상"", ""달걀을"", ""먹어요""], [""저는"", ""항상"", ""아침에"", ""달걀을"", ""먹어요""]]"
4234,43,1,reviewed,"sentenceWords,sentenceWordChoices,sentenceTranslateAcceptedAnswers",I'm not sure yet. Which one is more popular?,I'm not sure yet. Which one is more popular?,"[""less"", ""am"", ""already""]",[],"[""I'm"", ""not"", ""sure yet Which"", ""one"", ""is"", ""more"", ""popular""]","[""am"", ""less"", ""already""]","[[""아직"", ""잘"", ""모르겠어요"", ""어느"", ""쪽이"", ""더"", ""인기"", ""있어요""]]"
4234,43,2,reviewed,"sentenceWords,sentenceWordChoices,sentenceTranslateAcceptedAnswers",They both sound good. Which one is more popular?,They both sound good. Which one is more popular?,"[""less"", ""sounds"", ""bad""]",[],"[""They both"", ""sound"", ""good Which"", ""one"", ""is"", ""more"", ""popular""]","[""less"", ""sounds"", ""bad""]","[[""둘"", ""다"", ""괜찮아"", ""보이는데요"", ""어느"", ""쪽이"", ""더"", ""인기"", ""있어요""]]"
4235,43,1,reviewed,"sentenceWords,sentenceWordChoices,sentenceTranslateAcceptedAnswers","Six suits me better, so I'll take the later show.","Six suits me better, so I'll take the later show.","[""suit"", ""earlier"", ""worse""]",[],"[""Six"", ""suits"", ""me"", ""better so"", ""I'll"", ""take"", ""the"", ""later"", ""show""]","[""suit"", ""worse"", ""earlier""]","[[""6시가"", ""더"", ""맞아서"", ""늦은"", ""회차로"", ""할게요""]]"
4235,43,2,reviewed,"sentenceWords,sentenceWordChoices","I finish work at seven, so the later show works better for me.","I finish work at seven, so the later show works better for me.","[""earlier"", ""finished"", ""worse""]",[],"[""I"", ""finish"", ""work at seven so"", ""the"", ""later"", ""show"", ""works"", ""better for"", ""me""]","[""earlier"", ""finished"", ""worse""]","[[""제가"", ""7시에"", ""퇴근해서"", ""늦은"", ""회차가"", ""더"", ""나아요""], [""7시에"", ""제가"", ""퇴근해서"", ""늦은"", ""회차가"", ""더"", ""나아요""]]"
4236,43,1,reviewed,"sentenceWords,sentenceWordChoices,sentenceTranslateAcceptedAnswers",Could I move there and find a better seat?,Could I move there and find a better seat?,"[""moved"", ""seats"", ""worse""]",[],"[""Could"", ""I"", ""move"", ""there and"", ""find"", ""a"", ""better"", ""seat""]","[""worse"", ""seats"", ""moved""]","[[""그쪽으로"", ""옮겨서"", ""더"", ""좋은"", ""자리를"", ""찾아도"", ""될까요""]]"
4236,43,2,reviewed,"sentenceWords,sentenceWordChoices,sentenceTranslateAcceptedAnswers",We can wait a few minutes for a better seat.,We can wait a few minutes for a better seat.,"[""worse"", ""waited"", ""hours""]",[],"[""We"", ""can"", ""wait"", ""a"", ""few"", ""minutes for a better seat""]","[""worse"", ""waited"", ""hours""]","[[""더"", ""좋은"", ""자리를"", ""위해서"", ""몇"", ""분"", ""기다릴"", ""수"", ""있어요""]]"
4237,43,1,reviewed,"sentenceWords,sentenceWordChoices,sentenceTranslateAcceptedAnswers",Then I'll go grab a snack downstairs.,Then I'll go grab a snack downstairs.,"[""upstairs"", ""snacks"", ""grabbed""]",[],"[""Then I'll"", ""go"", ""grab"", ""a"", ""snack downstairs""]","[""snacks"", ""grabbed"", ""upstairs""]","[[""그럼"", ""아래층에서"", ""간식"", ""좀"", ""사"", ""올게요""], [""그럼"", ""간식"", ""아래층에서"", ""좀"", ""사"", ""올게요""]]"
4237,43,2,reviewed,"sentenceWords,sentenceWordChoices,sentenceTranslateAcceptedAnswers",Then I have time to grab a snack at the kiosk.,Then I have time to grab a snack at the kiosk.,"[""snacks"", ""had"", ""grabbed""]",[],"[""Then I"", ""have"", ""time"", ""to"", ""grab"", ""a"", ""snack at the kiosk""]","[""snacks"", ""had"", ""grabbed""]","[[""그럼"", ""매점에서"", ""간식"", ""사"", ""올"", ""시간이"", ""되네요""]]"
4238,43,1,reviewed,"sentenceWords,sentenceWordChoices,sentenceTranslateAcceptedAnswers",Want to catch a movie this weekend?,Want to catch a movie this weekend?,"[""weekday"", ""Wanted"", ""caught""]",[],"[""Want"", ""to"", ""catch"", ""a"", ""movie this weekend""]","[""weekday"", ""Wanted"", ""caught""]","[[""이번"", ""주말에"", ""영화"", ""보러"", ""갈래""], [""영화"", ""보러"", ""이번"", ""주말에"", ""갈래""]]"
4238,43,2,reviewed,"sentenceWords,sentenceWordChoices",We caught a late-night movie yesterday.,We caught a late-night movie yesterday.,"[""movies"", ""catch"", ""tomorrow""]",[],"[""We"", ""caught"", ""a"", ""late-night"", ""movie yesterday""]","[""tomorrow"", ""movies"", ""catch""]","[[""우리"", ""어제"", ""심야"", ""영화"", ""봤어""], [""어제"", ""우리"", ""심야"", ""영화"", ""봤어""]]"
4239,43,1,reviewed,"sentenceWords,sentenceWordChoices,sentenceTranslateAcceptedAnswers",Let's sit toward the back of the bus.,Let's sit toward the back of the bus.,"[""buses"", ""sat"", ""front""]",[],"[""Let's"", ""sit toward"", ""the"", ""back"", ""of"", ""the"", ""bus""]","[""sat"", ""buses"", ""front""]","[[""버스"", ""뒤쪽에"", ""앉자""]]"
4239,43,2,reviewed,sentenceWordChoices,The restrooms are toward the back of the store.,The restrooms are toward the back of the store.,"[""restroom"", ""is"", ""front""]","[[""restroom"", ""resting""]]","[""The"", ""restrooms"", ""are"", ""toward"", ""the"", ""back"", ""of"", ""the"", ""store""]","[""front"", ""is"", ""resting""]","[[""화장실은"", ""매장"", ""뒤쪽에"", ""있어요""], [""매장"", ""뒤쪽에"", ""화장실은"", ""있어요""]]"
4240,43,1,reviewed,"sentenceWords,sentenceWordChoices,sentenceTranslateAcceptedAnswers",I heard you tried that new cafe. Is it any good?,I heard you tried that new cafe. Is it any good?,"[""old"", ""try"", ""hear""]",[],"[""I"", ""heard"", ""you"", ""tried"", ""that"", ""new"", ""cafe Is"", ""it"", ""any"", ""good""]","[""old"", ""try"", ""hear""]","[[""그"", ""새"", ""카페"", ""가봤다며"", ""괜찮아""]]"
4240,43,2,reviewed,sentenceTranslateAcceptedAnswers,Is this book any good?,Is this book any good?,"[""Are"", ""books"", ""that""]",[],"[""Is"", ""this"", ""book"", ""any"", ""good""]","[""Are"", ""books"", ""that""]","[[""이"", ""책"", ""읽을"", ""만해""]]"
4241,57,1,reviewed,sentenceWordChoices,The home team plays at eight.,The home team plays at eight.,"[""played"", ""play"", ""teams""]","[[""play"", ""playful""]]","[""The"", ""home"", ""team"", ""plays"", ""at"", ""eight""]","[""teams"", ""playful"", ""played""]","[[""홈"", ""팀이"", ""8시에"", ""경기해요""], [""8시에"", ""홈"", ""팀이"", ""경기해요""]]"
4241,57,2,reviewed,sentenceTranslateAcceptedAnswers,I want the home team shirt.,I want the home team shirt.,"[""wants"", ""wanted"", ""teams""]",[],"[""I"", ""want"", ""the"", ""home"", ""team"", ""shirt""]","[""wants"", ""wanted"", ""teams""]","[[""홈"", ""팀"", ""셔츠로"", ""주세요""]]"
4242,57,1,reviewed,"sentenceWords,sentenceWordChoices",We can sit near the big screen.,We can sit near the big screen.,"[""sat"", ""small"", ""far""]",[],"[""We"", ""can"", ""sit near the big screen""]","[""far"", ""sat"", ""small""]","[[""우리"", ""큰"", ""화면"", ""가까이에"", ""앉을"", ""수"", ""있어요""], [""큰"", ""화면"", ""가까이에"", ""우리"", ""앉을"", ""수"", ""있어요""]]"
4242,57,2,reviewed,sentenceTranslateAcceptedAnswers,I will check the big screen.,I will check the big screen.,"[""small"", ""checks"", ""checked""]",[],"[""I"", ""will"", ""check"", ""the"", ""big"", ""screen""]","[""small"", ""checks"", ""checked""]","[[""큰"", ""화면을"", ""확인해"", ""볼게요""]]"
4243,57,1,reviewed,"sentenceWords,sentenceWordChoices,sentenceTranslateAcceptedAnswers","Thank you, I will try one now.","Thank you, I will try one now.","[""Thanks"", ""later"", ""tried""]","[[""Thanks"", ""Thankful""]]","[""Thank"", ""you"", ""I"", ""will"", ""try"", ""one now""]","[""later"", ""Thankful"", ""tried""]","[[""감사해요"", ""지금"", ""하나"", ""먹어"", ""볼게요""], [""감사해요"", ""하나"", ""지금"", ""먹어"", ""볼게요""]]"
4243,57,2,reviewed,"sentenceWords,sentenceWordChoices,sentenceTranslateAcceptedAnswers","I will try one, please.","I will try one, please.","[""tried"", ""tries"", ""two""]",[],"[""I"", ""will"", ""try"", ""one please""]","[""tries"", ""two"", ""tried""]","[[""하나"", ""먹어"", ""볼게요"", ""주세요""]]"
4244,57,1,reviewed,"sentenceWords,sentenceWordChoices,sentenceTranslateAcceptedAnswers","Just one for me, please.","Just one for me, please.","[""Only"", ""you"", ""two""]","[[""Only"", ""Ones""]]","[""Just one"", ""for"", ""me please""]","[""two"", ""you"", ""Ones""]","[[""저는"", ""하나만"", ""주세요""], [""하나만"", ""저는"", ""주세요""]]"
4244,57,2,reviewed,"sentenceWords,sentenceWordChoices,sentenceTranslateAcceptedAnswers",One for me and one for her.,One for me and one for her.,"[""or"", ""two"", ""him""]","[[""him"", ""his""]]","[""One"", ""for"", ""me and"", ""one"", ""for"", ""her""]","[""his"", ""two"", ""or""]","[[""저"", ""하나"", ""그리고"", ""이분"", ""하나요""]]"
4245,57,1,reviewed,"sentenceWords,sentenceWordChoices","My family is from Busan, so I hope Korea wins tonight.","My family is from Busan, so I hope Korea wins tonight.","[""families"", ""tomorrow"", ""win""]",[],"[""My"", ""family"", ""is"", ""from"", ""Busan"", ""so"", ""I"", ""hope"", ""Korea"", ""wins tonight""]","[""tomorrow"", ""families"", ""win""]","[[""저희"", ""가족이"", ""부산"", ""사람이라"", ""오늘"", ""밤"", ""한국이"", ""이기면"", ""좋겠어요""], [""저희"", ""가족이"", ""부산"", ""사람이라"", ""한국이"", ""오늘"", ""밤"", ""이기면"", ""좋겠어요""]]"
4245,57,2,reviewed,"sentenceWords,sentenceWordChoices","Yes, and I hope my school wins this time.","Yes, and I hope my school wins this time.","[""your"", ""No"", ""win""]",[],"[""Yes"", ""and"", ""I"", ""hope"", ""my"", ""school"", ""wins this time""]","[""No"", ""your"", ""win""]","[[""네"", ""이번엔"", ""저희"", ""학교가"", ""이기면"", ""좋겠어요""], [""네"", ""저희"", ""학교가"", ""이번엔"", ""이기면"", ""좋겠어요""]]"
4246,57,1,reviewed,"sentenceWords,sentenceWordChoices,sentenceTranslateAcceptedAnswers",I see. What happens when a flight is late?,I see. What happens when a flight is late?,"[""happen"", ""early"", ""saw""]",[],"[""I"", ""see What"", ""happens when"", ""a"", ""flight"", ""is"", ""late""]","[""happen"", ""saw"", ""early""]","[[""그렇군요"", ""비행기가"", ""늦으면"", ""어떻게"", ""되나요""]]"
4246,57,2,reviewed,"sentenceWords,sentenceWordChoices,sentenceTranslateAcceptedAnswers",Okay. What happens when I forget a dose?,Okay. What happens when I forget a dose?,"[""forgot"", ""happen"", ""remember""]",[],"[""Okay What"", ""happens when"", ""I"", ""forget"", ""a"", ""dose""]","[""happen"", ""forgot"", ""remember""]","[[""알겠어요"", ""한"", ""번"", ""빼먹으면"", ""어떻게"", ""되나요""]]"
4247,57,1,reviewed,"sentenceWords,sentenceWordChoices","Great, I'll run to the food stand before then.","Great, I'll run to the food stand before then.","[""ran"", ""stands"", ""after""]",[],"[""Great"", ""I'll"", ""run"", ""to"", ""the"", ""food"", ""stand before then""]","[""ran"", ""after"", ""stands""]","[[""잘됐네요"", ""그"", ""전에"", ""매점에"", ""얼른"", ""다녀올게요""], [""잘됐네요"", ""매점에"", ""그"", ""전에"", ""얼른"", ""다녀올게요""]]"
4247,57,2,reviewed,sentenceTranslateAcceptedAnswers,"Not yet, but the food stand by the gate looks good.","Not yet, but the food stand by the gate looks good.","[""bad"", ""already"", ""look""]",[],"[""Not"", ""yet"", ""but"", ""the"", ""food"", ""stand"", ""by"", ""the"", ""gate"", ""looks"", ""good""]","[""bad"", ""already"", ""look""]","[[""아직요"", ""그런데"", ""정문"", ""옆"", ""가판대가"", ""괜찮아"", ""보여요""]]"
4248,57,1,reviewed,"sentenceWords,sentenceWordChoices,sentenceTranslateAcceptedAnswers","I don't usually read mysteries, but it looks worth trying.","I don't usually read mysteries, but it looks worth trying.","[""do"", ""mystery"", ""reads""]",[],"[""I"", ""don't usually read"", ""mysteries but"", ""it"", ""looks"", ""worth"", ""trying""]","[""mystery"", ""do"", ""reads""]","[[""추리"", ""소설은"", ""잘"", ""안"", ""읽는데"", ""한번"", ""읽어볼"", ""만해"", ""보이네요""]]"
4248,57,2,reviewed,"sentenceWords,sentenceWordChoices,sentenceTranslateAcceptedAnswers",Then I'll have that — it's definitely worth trying.,Then I'll have that — it's definitely worth trying.,"[""tried"", ""had"", ""maybe""]",[],"[""Then I'll"", ""have"", ""that it's definitely"", ""worth"", ""trying""]","[""had"", ""tried"", ""maybe""]","[[""그럼"", ""그걸로"", ""할게요"", ""확실히"", ""한번"", ""마셔볼"", ""만하겠네요""]]"
4249,57,1,reviewed,"practiceQuestion,practiceQuestionTranslation,sentenceWordChoices,sentenceTranslateAcceptedAnswers",Which team do you support?,Which team do you support?,"[""me"", ""teams"", ""supports""]","[[""teams"", ""teaming""]]","[""Which"", ""team"", ""do"", ""you"", ""support""]","[""me"", ""teaming"", ""supports""]","[[""너는"", ""어느"", ""팀"", ""응원해""], [""어느"", ""팀"", ""너는"", ""응원해""]]"
4249,57,2,reviewed,"sentenceWordChoices,sentenceTranslateAcceptedAnswers",My whole family supports the same club.,My whole family supports the same club.,"[""clubs"", ""support"", ""Your""]","[[""support"", ""supporting""], [""clubs"", ""clubbing""]]","[""My"", ""whole"", ""family"", ""supports"", ""the"", ""same"", ""club""]","[""supporting"", ""clubbing"", ""Your""]","[[""우리"", ""가족은"", ""다"", ""같은"", ""구단"", ""팬이야""]]"
4250,57,1,reviewed,sentenceWordChoices,Everyone sang along to the chorus.,Everyone sang along to the chorus.,"[""sung"", ""choruses"", ""sing""]","[[""choruses"", ""choral""]]","[""Everyone"", ""sang"", ""along"", ""to"", ""the"", ""chorus""]","[""choral"", ""sing"", ""sung""]","[[""다들"", ""후렴을"", ""따라"", ""불렀어""], [""후렴을"", ""다들"", ""따라"", ""불렀어""]]"
4250,57,2,reviewed,"sentenceWords,sentenceWordChoices,sentenceTranslateAcceptedAnswers","I don't know the lyrics, but I'll sing along anyway.","I don't know the lyrics, but I'll sing along anyway.","[""do"", ""sang"", ""lyric""]",[],"[""I"", ""don't"", ""know"", ""the"", ""lyrics but"", ""I'll"", ""sing"", ""along anyway""]","[""do"", ""sang"", ""lyric""]","[[""가사는"", ""모르지만"", ""그냥"", ""따라"", ""부를래""]]"
4251,57,1,reviewed,"sentenceWords,sentenceWordChoices",Grilled eel is a local specialty around here.,Grilled eel is a local specialty around here.,"[""eels"", ""are"", ""there""]",[],"[""Grilled"", ""eel"", ""is"", ""a"", ""local"", ""specialty around here""]","[""are"", ""there"", ""eels""]","[[""여기는"", ""장어구이가"", ""지역"", ""명물이에요""], [""장어구이가"", ""여기는"", ""지역"", ""명물이에요""]]"
4251,57,2,reviewed,"sentenceWords,sentenceWordChoices",We bought some local specialties as souvenirs.,We bought some local specialties as souvenirs.,"[""specialty"", ""buy"", ""souvenir""]",[],"[""We"", ""bought"", ""some"", ""local"", ""specialties as souvenirs""]","[""buy"", ""specialty"", ""souvenir""]","[[""우리"", ""기념품으로"", ""그"", ""지역"", ""명물"", ""몇"", ""개"", ""샀어""], [""기념품으로"", ""우리"", ""그"", ""지역"", ""명물"", ""몇"", ""개"", ""샀어""]]"
4252,68,1,reviewed,sentenceTranslateAcceptedAnswers,"No, it's a gift for my friend.","No, it's a gift for my friend.","[""Yes"", ""gifts"", ""your""]",[],"[""No"", ""it's"", ""a"", ""gift"", ""for"", ""my"", ""friend""]","[""Yes"", ""gifts"", ""your""]","[[""아니요"", ""친구한테"", ""줄"", ""선물이에요""]]"
4252,68,2,reviewed,sentenceTranslateAcceptedAnswers,"Yes, it's a gift for a wedding.","Yes, it's a gift for a wedding.","[""gifts"", ""No"", ""birthday""]",[],"[""Yes"", ""it's"", ""a"", ""gift"", ""for"", ""a"", ""wedding""]","[""gifts"", ""No"", ""birthday""]","[[""네"", ""결혼식에"", ""줄"", ""선물이에요""]]"
4253,68,1,reviewed,sentenceTranslateAcceptedAnswers,"No, it can break.","No, it can break.","[""broke"", ""breaks"", ""Yes""]",[],"[""No"", ""it"", ""can"", ""break""]","[""broke"", ""breaks"", ""Yes""]","[[""안"", ""돼요"", ""그건"", ""깨질"", ""수"", ""있어요""]]"
4253,68,2,reviewed,"sentenceWords,sentenceWordChoices,sentenceTranslateAcceptedAnswers",It can break on the floor.,It can break on the floor.,"[""breaks"", ""table"", ""broke""]",[],"[""It"", ""can"", ""break on the floor""]","[""broke"", ""breaks"", ""table""]","[[""바닥에서는"", ""깨질"", ""수"", ""있어요""]]"
4254,68,1,reviewed,"sentenceWords,sentenceWordChoices,sentenceTranslateAcceptedAnswers",I can wait for twenty minutes.,I can wait for twenty minutes.,"[""minute"", ""thirty"", ""waited""]",[],"[""I"", ""can"", ""wait for twenty minutes""]","[""waited"", ""minute"", ""thirty""]","[[""20분"", ""정도는"", ""기다릴"", ""수"", ""있어요""]]"
4254,68,2,reviewed,"sentenceWords,sentenceWordChoices,sentenceTranslateAcceptedAnswers",I can wait here.,I can wait here.,"[""there"", ""waits"", ""waited""]",[],"[""I"", ""can"", ""wait here""]","[""there"", ""waits"", ""waited""]","[[""여기서"", ""기다릴"", ""수"", ""있어요""]]"
4255,68,1,reviewed,sentenceTranslateAcceptedAnswers,I want you to keep it safe.,I want you to keep it safe.,"[""wanted"", ""kept"", ""me""]",[],"[""I"", ""want"", ""you"", ""to"", ""keep"", ""it"", ""safe""]","[""wanted"", ""kept"", ""me""]","[[""안전하게"", ""보관해"", ""주셨으면"", ""해요""]]"
4255,68,2,reviewed,"sentenceWords,sentenceWordChoices,sentenceTranslateAcceptedAnswers","Yes, please keep it safe for me.","Yes, please keep it safe for me.","[""you"", ""No"", ""kept""]",[],"[""Yes"", ""please keep"", ""it"", ""safe for me""]","[""you"", ""No"", ""kept""]","[[""네"", ""저"", ""대신"", ""안전하게"", ""지켜"", ""주세요""]]"
4256,68,1,reviewed,"sentenceWords,sentenceWordChoices,sentenceTranslateAcceptedAnswers","A box, please, and could you wrap it carefully?","A box, please, and could you wrap it carefully?","[""boxes"", ""me"", ""wrapped""]",[],"[""A"", ""box please and"", ""could"", ""you"", ""wrap"", ""it carefully""]","[""wrapped"", ""boxes"", ""me""]","[[""상자로"", ""주시고"", ""조심해서"", ""포장해"", ""주실"", ""수"", ""있을까요""]]"
4256,68,2,reviewed,"sentenceWords,sentenceWordChoices,sentenceTranslateAcceptedAnswers","The blue plate is my grandmother's, so please wrap it carefully.","The blue plate is my grandmother's, so please wrap it carefully.","[""wrapped"", ""plates"", ""red""]",[],"[""The"", ""blue"", ""plate"", ""is"", ""my"", ""grandmother's so"", ""please wrap"", ""it carefully""]","[""wrapped"", ""red"", ""plates""]","[[""파란"", ""접시는"", ""할머니"", ""거라서"", ""조심해서"", ""싸"", ""주세요""]]"
4257,68,1,reviewed,"sentenceWords,sentenceWordChoices",It needs to get there by Tuesday morning at the latest.,It needs to get there by Tuesday morning at the latest.,"[""need"", ""evening"", ""Thursday""]",[],"[""It"", ""needs"", ""to"", ""get"", ""there by Tuesday morning at the latest""]","[""evening"", ""Thursday"", ""need""]","[[""늦어도"", ""화요일"", ""아침까지는"", ""도착해야"", ""해요""], [""화요일"", ""아침까지는"", ""늦어도"", ""도착해야"", ""해요""]]"
4257,68,2,reviewed,"sentenceWords,sentenceWordChoices,sentenceTranslateAcceptedAnswers",It needs to get there by her birthday on the tenth.,It needs to get there by her birthday on the tenth.,"[""ninth"", ""his"", ""need""]","[[""his"", ""he""]]","[""It"", ""needs"", ""to"", ""get"", ""there by her birthday on the tenth""]","[""need"", ""ninth"", ""he""]","[[""10일"", ""생일까지는"", ""도착해야"", ""해요""]]"
4258,68,1,reviewed,"sentenceWords,sentenceWordChoices,sentenceTranslateAcceptedAnswers",Thursday works — that's fast enough for the wedding.,Thursday works — that's fast enough for the wedding.,"[""work"", ""slow"", ""Tuesday""]",[],"[""Thursday"", ""works that's"", ""fast"", ""enough"", ""for"", ""the"", ""wedding""]","[""work"", ""slow"", ""Tuesday""]","[[""목요일"", ""괜찮아요"", ""결혼식엔"", ""충분히"", ""빨라요""]]"
4258,68,2,reviewed,"sentenceWords,sentenceWordChoices,sentenceTranslateAcceptedAnswers","Two hours? That's fast enough, so I'll wait here.","Two hours? That's fast enough, so I'll wait here.","[""slow"", ""Three"", ""hour""]",[],"[""Two"", ""hours That's"", ""fast"", ""enough so"", ""I'll"", ""wait here""]","[""slow"", ""hour"", ""Three""]","[[""두"", ""시간이요"", ""충분히"", ""빠르네요"", ""여기서"", ""기다릴게요""]]"
4259,68,1,reviewed,"practiceQuestion,practiceQuestionTranslation,sentenceWords,sentenceWordChoices,sentenceTranslateAcceptedAnswers","It's second-hand now, so it's worth about two hundred pounds.","It's second-hand now, so it's worth about two hundred pounds.","[""brand-new"", ""pound"", ""three""]",[],"[""It's"", ""second-hand now so"", ""it's"", ""worth"", ""about"", ""two"", ""hundred"", ""pounds""]","[""pound"", ""brand-new"", ""three""]","[[""이제"", ""중고라서"", ""대략"", ""200파운드쯤"", ""해요""]]"
4259,68,2,reviewed,sentenceTranslateAcceptedAnswers,"Sure, a bike like that is worth about fifty dollars.","Sure, a bike like that is worth about fifty dollars.","[""pounds"", ""fifteen"", ""bikes""]",[],"[""Sure"", ""a"", ""bike"", ""like"", ""that"", ""is"", ""worth"", ""about"", ""fifty"", ""dollars""]","[""pounds"", ""fifteen"", ""bikes""]","[[""그럼요"", ""그"", ""정도"", ""자전거면"", ""대략"", ""50달러쯤"", ""해요""]]"
4260,68,1,reviewed,"sentenceWords,sentenceWordChoices,sentenceTranslateAcceptedAnswers","Careful, that vase is really fragile.","Careful, that vase is really fragile.","[""are"", ""this"", ""vases""]","[[""this"", ""these""]]","[""Careful"", ""that"", ""vase"", ""is really"", ""fragile""]","[""are"", ""vases"", ""these""]","[[""조심해"", ""그"", ""꽃병"", ""진짜"", ""잘"", ""깨져""], [""조심해"", ""진짜"", ""그"", ""꽃병"", ""잘"", ""깨져""]]"
4260,68,2,reviewed,"sentenceWords,sentenceWordChoices,sentenceTranslateAcceptedAnswers",Please mark the box as fragile.,Please mark the box as fragile.,"[""marks"", ""marked"", ""boxes""]",[],"[""Please mark"", ""the"", ""box"", ""as"", ""fragile""]","[""boxes"", ""marked"", ""marks""]","[[""상자에"", ""'파손"", ""주의'"", ""표시"", ""부탁드려요""]]"
4261,68,1,reviewed,sentenceWordChoices,I'll text you the tracking number.,I'll text you the tracking number.,"[""numbers"", ""me"", ""texted""]","[[""numbers"", ""numbered""]]","[""I'll"", ""text"", ""you"", ""the"", ""tracking"", ""number""]","[""me"", ""numbered"", ""texted""]","[[""운송장"", ""번호"", ""문자로"", ""보내줄게""], [""문자로"", ""운송장"", ""번호"", ""보내줄게""]]"
4261,68,2,reviewed,"sentenceWords,sentenceWordChoices,sentenceTranslateAcceptedAnswers",The tracking number says it's still in transit.,The tracking number says it's still in transit.,"[""already"", ""numbers"", ""say""]",[],"[""The"", ""tracking"", ""number"", ""says"", ""it's still"", ""in"", ""transit""]","[""numbers"", ""already"", ""say""]","[[""운송장"", ""조회해보니"", ""아직"", ""배송"", ""중이래""]]"
4262,68,1,reviewed,"sentenceWords,sentenceWordChoices",My package got stuck in customs for a week.,My package got stuck in customs for a week.,"[""packages"", ""get"", ""month""]",[],"[""My"", ""package"", ""got"", ""stuck"", ""in"", ""customs for a week""]","[""get"", ""month"", ""packages""]","[[""내"", ""택배가"", ""세관에"", ""일주일이나"", ""묶여"", ""있었어""], [""세관에"", ""내"", ""택배가"", ""일주일이나"", ""묶여"", ""있었어""]]"
4262,68,2,reviewed,"sentenceWords,sentenceWordChoices",You have to declare it at customs.,You have to declare it at customs.,"[""declared"", ""I"", ""has""]",[],"[""You"", ""have"", ""to"", ""declare"", ""it at customs""]","[""has"", ""declared"", ""I""]","[[""그건"", ""세관에"", ""신고해야"", ""돼""], [""세관에"", ""그건"", ""신고해야"", ""돼""]]"
4263,49,1,reviewed,"sentenceWords,sentenceWordChoices",I usually drink tea at night.,I usually drink tea at night.,"[""nights"", ""drank"", ""morning""]","[[""nights"", ""nightly""]]","[""I usually"", ""drink"", ""tea at night""]","[""morning"", ""drank"", ""nightly""]","[[""저는"", ""보통"", ""밤에"", ""차를"", ""마셔요""], [""보통"", ""저는"", ""밤에"", ""차를"", ""마셔요""], [""밤에"", ""저는"", ""보통"", ""차를"", ""마셔요""]]"
4263,49,2,reviewed,"sentenceWords,sentenceWordChoices",I usually drink juice at parties.,I usually drink juice at parties.,"[""in"", ""drinking"", ""party""]","[[""in"", ""into""]]","[""I usually"", ""drink"", ""juice at parties""]","[""party"", ""drinking"", ""into""]","[[""저는"", ""보통"", ""파티에서"", ""주스를"", ""마셔요""], [""보통"", ""저는"", ""파티에서"", ""주스를"", ""마셔요""], [""파티에서"", ""저는"", ""보통"", ""주스를"", ""마셔요""]]"
4264,49,1,reviewed,sentenceTranslateAcceptedAnswers,I will take the small one.,I will take the small one.,"[""took"", ""takes"", ""big""]",[],"[""I"", ""will"", ""take"", ""the"", ""small"", ""one""]","[""took"", ""takes"", ""big""]","[[""작은"", ""걸로"", ""할게요""]]"
4264,49,2,reviewed,sentenceTranslateAcceptedAnswers,"No, the small one is enough.","No, the small one is enough.","[""big"", ""are"", ""Yes""]",[],"[""No"", ""the"", ""small"", ""one"", ""is"", ""enough""]","[""big"", ""are"", ""Yes""]","[[""아니요"", ""작은"", ""걸로"", ""충분해요""]]"
4265,49,1,reviewed,"sentenceWords,sentenceWordChoices","Here is my card, thank you.","Here is my card, thank you.","[""your"", ""was"", ""cards""]",[],"[""Here"", ""is"", ""my"", ""card thank"", ""you""]","[""cards"", ""was"", ""your""]","[[""여기"", ""제"", ""카드요"", ""감사합니다""], [""감사합니다"", ""여기"", ""제"", ""카드요""]]"
4265,49,2,reviewed,"sentenceWords,sentenceWordChoices,sentenceTranslateAcceptedAnswers","No problem, here is my card.","No problem, here is my card.","[""Yes"", ""your"", ""problems""]",[],"[""No"", ""problem here"", ""is"", ""my"", ""card""]","[""Yes"", ""problems"", ""your""]","[[""괜찮아요"", ""여기"", ""제"", ""카드요""]]"
4266,49,1,reviewed,"sentenceWords,sentenceWordChoices,sentenceTranslateAcceptedAnswers",I can take it at the end.,I can take it at the end.,"[""start"", ""took"", ""takes""]",[],"[""I"", ""can"", ""take"", ""it at the end""]","[""took"", ""start"", ""takes""]","[[""마지막에"", ""받을게요""]]"
4266,49,2,reviewed,"sentenceWords,sentenceWordChoices",Dessert can come at the end.,Dessert can come at the end.,"[""start"", ""came"", ""comes""]",[],"[""Dessert"", ""can"", ""come at the end""]","[""comes"", ""start"", ""came""]","[[""디저트는"", ""마지막에"", ""주세요""], [""마지막에"", ""디저트는"", ""주세요""]]"
4267,49,1,reviewed,"sentenceWords,sentenceWordChoices,sentenceTranslateAcceptedAnswers","Yes, back home we don't have pubs like this.","Yes, back home we don't have pubs like this.","[""pub"", ""doesn't"", ""No""]",[],"[""Yes"", ""back"", ""home we"", ""don't"", ""have"", ""pubs"", ""like"", ""this""]","[""pub"", ""doesn't"", ""No""]","[[""네"", ""저희"", ""나라에는"", ""이런"", ""펍이"", ""없거든요""]]"
4267,49,2,reviewed,"sentenceWords,sentenceWordChoices,sentenceTranslateAcceptedAnswers",Back home beer always comes with fried chicken.,Back home beer always comes with fried chicken.,"[""beers"", ""never"", ""come""]","[[""beers"", ""brewed""]]","[""Back"", ""home beer always comes"", ""with"", ""fried"", ""chicken""]","[""brewed"", ""never"", ""come""]","[[""저희"", ""나라에서는"", ""맥주"", ""하면"", ""무조건"", ""치킨이에요""]]"
4268,49,1,reviewed,"sentenceWords,sentenceWordChoices,sentenceTranslateAcceptedAnswers","Yes, but I only want something light before dinner.","Yes, but I only want something light before dinner.","[""No"", ""wanted"", ""after""]",[],"[""Yes"", ""but"", ""I only want"", ""something"", ""light before dinner""]","[""after"", ""No"", ""wanted""]","[[""네"", ""근데"", ""저녁"", ""전이라"", ""가벼운"", ""것만"", ""먹으려고요""]]"
4268,49,2,reviewed,"sentenceWords,sentenceWordChoices,sentenceTranslateAcceptedAnswers",Then I'll go for something light instead.,Then I'll go for something light instead.,"[""heavy"", ""goes"", ""went""]",[],"[""Then I'll"", ""go"", ""for"", ""something"", ""light instead""]","[""goes"", ""heavy"", ""went""]","[[""그럼"", ""대신"", ""가벼운"", ""걸로"", ""할게요""], [""그럼"", ""가벼운"", ""걸로"", ""대신"", ""할게요""]]"
4269,49,1,reviewed,"sentenceWords,sentenceWordChoices,sentenceTranslateAcceptedAnswers","I've never tried an English breakfast, but I want to.","I've never tried an English breakfast, but I want to.","[""dinner"", ""try"", ""always""]",[],"[""I've never"", ""tried"", ""an"", ""English"", ""breakfast but"", ""I"", ""want"", ""to""]","[""dinner"", ""always"", ""try""]","[[""잉글리시"", ""브렉퍼스트는"", ""안"", ""먹어"", ""봤는데"", ""먹어"", ""보고"", ""싶어요""]]"
4269,49,2,reviewed,"sentenceWords,sentenceWordChoices,sentenceTranslateAcceptedAnswers","I've never tried stout, so I'll start with a half.","I've never tried stout, so I'll start with a half.","[""try"", ""always"", ""finish""]",[],"[""I've never"", ""tried"", ""stout so"", ""I'll"", ""start"", ""with"", ""a"", ""half""]","[""always"", ""finish"", ""try""]","[[""스타우트는"", ""안"", ""마셔"", ""봐서"", ""하프로"", ""시작할게요""]]"
4270,49,1,reviewed,"sentenceWords,sentenceWordChoices","No, we'd rather pay all together on one card.","No, we'd rather pay all together on one card.","[""cards"", ""paid"", ""Yes""]",[],"[""No"", ""we'd"", ""rather"", ""pay all together on one card""]","[""Yes"", ""cards"", ""paid""]","[[""아니요"", ""카드"", ""하나로"", ""한꺼번에"", ""계산할게요""], [""아니요"", ""한꺼번에"", ""카드"", ""하나로"", ""계산할게요""]]"
4270,49,2,reviewed,"sentenceWords,sentenceWordChoices,sentenceTranslateAcceptedAnswers","It's for the table, and we'll pay all together.","It's for the table, and we'll pay all together.","[""paid"", ""tables"", ""separately""]",[],"[""It's"", ""for"", ""the"", ""table and"", ""we'll"", ""pay all together""]","[""separately"", ""tables"", ""paid""]","[[""테이블"", ""전체"", ""거예요"", ""한꺼번에"", ""계산할게요""]]"
4271,49,1,reviewed,"sentenceWords,sentenceWordChoices,sentenceTranslateAcceptedAnswers",They've got ten different beers on tap.,They've got ten different beers on tap.,"[""twenty"", ""beer"", ""get""]",[],"[""They've"", ""got"", ""ten"", ""different"", ""beers on tap""]","[""get"", ""twenty"", ""beer""]","[[""거기"", ""생맥주가"", ""열"", ""종류나"", ""있어""], [""생맥주가"", ""거기"", ""열"", ""종류나"", ""있어""]]"
4271,49,2,reviewed,"sentenceWords,sentenceWordChoices,sentenceTranslateAcceptedAnswers",Is the IPA on tap or only in bottles?,Is the IPA on tap or only in bottles?,"[""Are"", ""taps"", ""bottle""]","[[""bottle"", ""bottled""]]","[""Is"", ""the"", ""IPA"", ""on"", ""tap or only"", ""in"", ""bottles""]","[""Are"", ""bottled"", ""taps""]","[[""IPA는"", ""생맥주예요"", ""병만"", ""있어요""]]"
4272,49,1,reviewed,"sentenceWords,sentenceWordChoices,sentenceTranslateAcceptedAnswers","I'll have the chicken sandwich, please.","I'll have the chicken sandwich, please.","[""beef"", ""had"", ""sandwiches""]",[],"[""I'll"", ""have"", ""the"", ""chicken"", ""sandwich please""]","[""sandwiches"", ""had"", ""beef""]","[[""치킨"", ""샌드위치로"", ""주세요""]]"
4272,49,2,reviewed,"sentenceWords,sentenceWordChoices,sentenceTranslateAcceptedAnswers",She'll have the soup and I'll have the salad.,She'll have the soup and I'll have the salad.,"[""had"", ""He'll"", ""soups""]","[[""He'll"", ""Him""], [""soups"", ""soaps""]]","[""She'll"", ""have"", ""the"", ""soup and"", ""I'll"", ""have"", ""the"", ""salad""]","[""Him"", ""had"", ""soaps""]","[[""쟤는"", ""수프로"", ""하고"", ""저는"", ""샐러드로"", ""할게요""]]"
4273,49,1,reviewed,"sentenceWords,sentenceWordChoices",Can we start a tab? Here's my card.,Can we start a tab? Here's my card.,"[""started"", ""tabs"", ""your""]",[],"[""Can"", ""we"", ""start"", ""a"", ""tab Here's"", ""my"", ""card""]","[""started"", ""your"", ""tabs""]","[[""탭"", ""열어주시겠어요"", ""여기"", ""제"", ""카드요""], [""여기"", ""제"", ""카드요"", ""탭"", ""열어주시겠어요""]]"
4273,49,2,reviewed,"sentenceWords,sentenceWordChoices,sentenceTranslateAcceptedAnswers",We started a tab and settled up at the end.,We started a tab and settled up at the end.,"[""start"", ""tabs"", ""down""]",[],"[""We"", ""started"", ""a"", ""tab"", ""and"", ""settled"", ""up at the end""]","[""down"", ""tabs"", ""start""]","[[""탭"", ""터놨다가"", ""마지막에"", ""한"", ""번에"", ""계산했어""]]"
4274,53,1,reviewed,"sentenceWords,sentenceWordChoices","Strong tea, please, and no sugar.","Strong tea, please, and no sugar.","[""weak"", ""teas"", ""milk""]","[[""teas"", ""teaspoon""]]","[""Strong"", ""tea please and"", ""no"", ""sugar""]","[""milk"", ""teaspoon"", ""weak""]","[[""진한"", ""차로"", ""주세요"", ""설탕은"", ""빼고요""], [""설탕은"", ""빼고요"", ""진한"", ""차로"", ""주세요""]]"
4274,53,2,reviewed,"sentenceWords,sentenceWordChoices,sentenceTranslateAcceptedAnswers","Strong tea, please, if you have it.","Strong tea, please, if you have it.","[""had"", ""teas"", ""weak""]","[[""teas"", ""teaspoon""]]","[""Strong"", ""tea please if"", ""you"", ""have"", ""it""]","[""had"", ""teaspoon"", ""weak""]","[[""있으시면"", ""진한"", ""차로"", ""주세요""]]"
4275,53,1,reviewed,"sentenceWords,sentenceWordChoices,sentenceTranslateAcceptedAnswers","Yes, something sweet sounds very nice.","Yes, something sweet sounds very nice.","[""salty"", ""sound"", ""No""]",[],"[""Yes"", ""something"", ""sweet"", ""sounds very"", ""nice""]","[""salty"", ""No"", ""sound""]","[[""네"", ""달콤한"", ""거"", ""좋아요""]]"
4275,53,2,reviewed,sentenceTranslateAcceptedAnswers,I will save room for something sweet.,I will save room for something sweet.,"[""rooms"", ""saved"", ""salty""]",[],"[""I"", ""will"", ""save"", ""room"", ""for"", ""something"", ""sweet""]","[""rooms"", ""saved"", ""salty""]","[[""달콤한"", ""걸"", ""위해"", ""배를"", ""좀"", ""남겨"", ""둘게요""]]"
4276,53,1,reviewed,"sentenceWords,sentenceWordChoices,sentenceTranslateAcceptedAnswers","We do not have rules, but I like cream first.","We do not have rules, but I like cream first.","[""last"", ""rule"", ""liked""]",[],"[""We"", ""do"", ""not"", ""have"", ""rules but"", ""I"", ""like"", ""cream"", ""first""]","[""last"", ""rule"", ""liked""]","[[""저희는"", ""정해진"", ""게"", ""없는데"", ""저는"", ""크림"", ""먼저가"", ""좋아요""]]"
4276,53,2,reviewed,"sentenceWords,sentenceWordChoices,sentenceTranslateAcceptedAnswers",I still say cream first is better.,I still say cream first is better.,"[""said"", ""worse"", ""last""]",[],"[""I still say"", ""cream"", ""first"", ""is"", ""better""]","[""said"", ""worse"", ""last""]","[[""그래도"", ""저는"", ""크림"", ""먼저가"", ""더"", ""나은"", ""것"", ""같아요""], [""그래도"", ""크림"", ""먼저가"", ""저는"", ""더"", ""나은"", ""것"", ""같아요""]]"
4277,53,1,reviewed,"sentenceWords,sentenceWordChoices,sentenceTranslateAcceptedAnswers",Can I have one more cup before that?,Can I have one more cup before that?,"[""had"", ""cups"", ""after""]",[],"[""Can"", ""I"", ""have"", ""one"", ""more"", ""cup before that""]","[""cups"", ""after"", ""had""]","[[""그"", ""전에"", ""한"", ""잔"", ""더"", ""주실"", ""수"", ""있을까요""]]"
4277,53,2,reviewed,"sentenceWords,sentenceWordChoices,sentenceTranslateAcceptedAnswers","It is, so one more cup for me.","It is, so one more cup for me.","[""cups"", ""was"", ""you""]",[],"[""It"", ""is so"", ""one"", ""more"", ""cup"", ""for"", ""me""]","[""was"", ""you"", ""cups""]","[[""네"", ""따뜻해요"", ""그럼"", ""한"", ""잔"", ""더"", ""주세요""]]"
4278,53,1,reviewed,"sentenceWords,sentenceWordChoices,sentenceTranslateAcceptedAnswers","I prefer something mild, so maybe not that one.","I prefer something mild, so maybe not that one.","[""prefers"", ""strong"", ""this""]","[[""this"", ""these""]]","[""I"", ""prefer"", ""something"", ""mild so maybe"", ""not"", ""that"", ""one""]","[""strong"", ""prefers"", ""these""]","[[""저는"", ""순한"", ""걸"", ""더"", ""좋아해서"", ""그건"", ""좀"", ""어려울"", ""것"", ""같아요""]]"
4278,53,2,reviewed,"sentenceWords,sentenceWordChoices,sentenceTranslateAcceptedAnswers",I prefer something fresh after a big lunch.,I prefer something fresh after a big lunch.,"[""small"", ""prefers"", ""before""]",[],"[""I"", ""prefer"", ""something"", ""fresh after a big lunch""]","[""prefers"", ""small"", ""before""]","[[""점심을"", ""많이"", ""먹어서"", ""상큼한"", ""걸"", ""더"", ""좋아해요""]]"
4279,53,1,reviewed,"sentenceWords,sentenceWordChoices",I usually spread butter on warm toast and nothing else.,I usually spread butter on warm toast and nothing else.,"[""cold"", ""toasts"", ""spreads""]",[],"[""I usually"", ""spread"", ""butter on warm toast and nothing else""]","[""cold"", ""spreads"", ""toasts""]","[[""저는"", ""따뜻한"", ""토스트에"", ""버터만"", ""발라"", ""먹어요""], [""따뜻한"", ""토스트에"", ""저는"", ""버터만"", ""발라"", ""먹어요""]]"
4279,53,2,reviewed,sentenceTranslateAcceptedAnswers,"Yes, I'd love to spread honey on a slice.","Yes, I'd love to spread honey on a slice.","[""slices"", ""loved"", ""No""]",[],"[""Yes"", ""I'd"", ""love"", ""to"", ""spread"", ""honey"", ""on"", ""a"", ""slice""]","[""slices"", ""loved"", ""No""]","[[""네"", ""한"", ""조각에"", ""꿀"", ""발라"", ""먹고"", ""싶어요""], [""네"", ""꿀"", ""한"", ""조각에"", ""발라"", ""먹고"", ""싶어요""]]"
4280,53,1,reviewed,"sentenceWords,sentenceWordChoices",Is that the traditional way in this part of England?,Is that the traditional way in this part of England?,"[""ways"", ""modern"", ""Are""]",[],"[""Is"", ""that"", ""the"", ""traditional"", ""way in this part of England""]","[""modern"", ""ways"", ""Are""]","[[""그게"", ""이"", ""지역에서는"", ""전통적인"", ""방식인가요""], [""이"", ""지역에서는"", ""그게"", ""전통적인"", ""방식인가요""]]"
4280,53,2,reviewed,"sentenceWords,sentenceWordChoices,sentenceTranslateAcceptedAnswers","That sounds odd, but I'll try the traditional way.","That sounds odd, but I'll try the traditional way.","[""sound"", ""modern"", ""normal""]",[],"[""That"", ""sounds"", ""odd but"", ""I'll"", ""try"", ""the"", ""traditional"", ""way""]","[""normal"", ""sound"", ""modern""]","[[""좀"", ""낯설지만"", ""전통적인"", ""방식대로"", ""해"", ""볼게요""]]"
4281,53,1,reviewed,"sentenceWords,sentenceWordChoices,sentenceTranslateAcceptedAnswers",Maybe I should try a different one this time.,Maybe I should try a different one this time.,"[""times"", ""tried"", ""same""]",[],"[""Maybe I"", ""should"", ""try"", ""a"", ""different"", ""one this time""]","[""tried"", ""same"", ""times""]","[[""이번엔"", ""다른"", ""걸로"", ""먹어"", ""볼까"", ""봐요""], [""다른"", ""걸로"", ""이번엔"", ""먹어"", ""볼까"", ""봐요""]]"
4281,53,2,reviewed,"sentenceWords,sentenceWordChoices,sentenceTranslateAcceptedAnswers","It was, so now I want to try a different one.","It was, so now I want to try a different one.","[""same"", ""tried"", ""is""]",[],"[""It"", ""was so now I"", ""want"", ""to"", ""try"", ""a"", ""different"", ""one""]","[""tried"", ""is"", ""same""]","[[""맞아요"", ""그래서"", ""이번엔"", ""다른"", ""걸로"", ""마셔"", ""보고"", ""싶어요""], [""맞아요"", ""그래서"", ""다른"", ""걸로"", ""이번엔"", ""마셔"", ""보고"", ""싶어요""]]"
4282,53,1,reviewed,"sentenceWords,sentenceWordChoices",This sauce goes well with anything.,This sauce goes well with anything.,"[""go"", ""sauces"", ""That""]","[[""That"", ""Those""]]","[""This"", ""sauce"", ""goes well"", ""with"", ""anything""]","[""Those"", ""sauces"", ""go""]","[[""이"", ""소스는"", ""어디에나"", ""잘"", ""어울려""], [""어디에나"", ""이"", ""소스는"", ""잘"", ""어울려""]]"
4282,53,2,reviewed,"sentenceWords,sentenceWordChoices",Red wine goes well with steak.,Red wine goes well with steak.,"[""wines"", ""go"", ""White""]","[[""wines"", ""winery""]]","[""Red"", ""wine"", ""goes well"", ""with"", ""steak""]","[""White"", ""winery"", ""go""]","[[""레드"", ""와인은"", ""스테이크랑"", ""잘"", ""맞지""], [""스테이크랑"", ""레드"", ""와인은"", ""잘"", ""맞지""]]"
4283,53,1,reviewed,"sentenceWords,sentenceWordChoices,sentenceTranslateAcceptedAnswers","Excuse me, could I get a refill on my coffee?","Excuse me, could I get a refill on my coffee?","[""your"", ""got"", ""refills""]","[[""your"", ""yours""]]","[""Excuse"", ""me could"", ""I"", ""get"", ""a"", ""refill"", ""on"", ""my"", ""coffee""]","[""refills"", ""yours"", ""got""]","[[""저기요"", ""커피"", ""리필될까요""]]"
4283,53,2,reviewed,"sentenceWords,sentenceWordChoices",Sodas come with free refills here.,Sodas come with free refills here.,"[""there"", ""comes"", ""Soda""]","[[""Soda"", ""Sodden""]]","[""Sodas"", ""come"", ""with"", ""free"", ""refills here""]","[""Sodden"", ""there"", ""comes""]","[[""여기"", ""탄산음료는"", ""무료"", ""리필이야""], [""탄산음료는"", ""여기"", ""무료"", ""리필이야""]]"
4284,53,1,reviewed,sentenceTranslateAcceptedAnswers,We shared a pot of green tea.,We shared a pot of green tea.,"[""share"", ""pots"", ""black""]",[],"[""We"", ""shared"", ""a"", ""pot"", ""of"", ""green"", ""tea""]","[""share"", ""pots"", ""black""]","[[""우리는"", ""녹차"", ""한"", ""주전자를"", ""나눠"", ""마셨어""], [""녹차"", ""한"", ""주전자를"", ""우리는"", ""나눠"", ""마셨어""]]"
4284,53,2,reviewed,"sentenceWords,sentenceWordChoices,sentenceTranslateAcceptedAnswers",Should we get a pot of tea for the table?,Should we get a pot of tea for the table?,"[""tables"", ""pots"", ""got""]",[],"[""Should"", ""we"", ""get"", ""a"", ""pot"", ""of"", ""tea for the table""]","[""pots"", ""tables"", ""got""]","[[""다"", ""같이"", ""마시게"", ""차"", ""한"", ""주전자"", ""시킬까""]]"
4285,61,1,reviewed,"sentenceWords,sentenceWordChoices,sentenceTranslateAcceptedAnswers","No need, I want the same style again.","No need, I want the same style again.","[""needs"", ""wanted"", ""different""]",[],"[""No"", ""need I"", ""want"", ""the"", ""same"", ""style again""]","[""different"", ""wanted"", ""needs""]","[[""괜찮아요"", ""또"", ""같은"", ""스타일로"", ""하고"", ""싶어요""], [""괜찮아요"", ""같은"", ""스타일로"", ""또"", ""하고"", ""싶어요""]]"
4285,61,2,reviewed,"sentenceWords,sentenceWordChoices,sentenceTranslateAcceptedAnswers","Yes, but please keep the same style.","Yes, but please keep the same style.","[""different"", ""No"", ""kept""]",[],"[""Yes"", ""but"", ""please keep"", ""the"", ""same"", ""style""]","[""kept"", ""different"", ""No""]","[[""네"", ""그래도"", ""스타일은"", ""그대로"", ""해"", ""주세요""]]"
4286,61,1,reviewed,sentenceTranslateAcceptedAnswers,Can you make it a little shorter?,Can you make it a little shorter?,"[""made"", ""longer"", ""short""]",[],"[""Can"", ""you"", ""make"", ""it"", ""a"", ""little"", ""shorter""]","[""made"", ""longer"", ""short""]","[[""조금"", ""더"", ""짧게"", ""해"", ""주실"", ""수"", ""있어요""]]"
4286,61,2,reviewed,"sentenceWords,sentenceWordChoices,sentenceTranslateAcceptedAnswers","No, just a little shorter than now.","No, just a little shorter than now.","[""short"", ""longer"", ""Yes""]",[],"[""No"", ""just a little"", ""shorter"", ""than"", ""now""]","[""longer"", ""short"", ""Yes""]","[[""아니요"", ""지금보다"", ""조금만"", ""더"", ""짧게요""]]"
4287,61,1,reviewed,"sentenceWords,sentenceWordChoices,sentenceTranslateAcceptedAnswers","No, please do the front too.","No, please do the front too.","[""back"", ""did"", ""Yes""]",[],"[""No"", ""please do"", ""the"", ""front too""]","[""did"", ""Yes"", ""back""]","[[""아니요"", ""앞머리도"", ""해"", ""주세요""]]"
4287,61,2,reviewed,"sentenceWords,sentenceWordChoices,sentenceTranslateAcceptedAnswers","Great, can you do the front too?","Great, can you do the front too?","[""back"", ""me"", ""did""]",[],"[""Great"", ""can"", ""you"", ""do"", ""the"", ""front too""]","[""back"", ""me"", ""did""]","[[""좋아요"", ""앞머리도"", ""해"", ""주실래요""]]"
4288,61,1,reviewed,"sentenceWords,sentenceWordChoices,sentenceTranslateAcceptedAnswers","Yes, it is perfect for me.","Yes, it is perfect for me.","[""No"", ""was"", ""you""]",[],"[""Yes"", ""it"", ""is"", ""perfect for me""]","[""No"", ""you"", ""was""]","[[""네"", ""저한테"", ""딱"", ""좋아요""], [""네"", ""딱"", ""저한테"", ""좋아요""]]"
4288,61,2,reviewed,"sentenceWords,sentenceWordChoices,sentenceTranslateAcceptedAnswers","Not at all, it is perfect.","Not at all, it is perfect.","[""They"", ""Never"", ""was""]",[],"[""Not"", ""at"", ""all it"", ""is"", ""perfect""]","[""Never"", ""was"", ""They""]","[[""전혀요"", ""딱"", ""좋아요""]]"
4289,61,1,reviewed,"sentenceWords,sentenceWordChoices,sentenceTranslateAcceptedAnswers","Actually, I feel like something different today.","Actually, I feel like something different today.","[""tomorrow"", ""same"", ""felt""]",[],"[""Actually I"", ""feel"", ""like"", ""something"", ""different today""]","[""tomorrow"", ""felt"", ""same""]","[[""사실"", ""오늘은"", ""좀"", ""다른"", ""걸"", ""해"", ""보고"", ""싶어요""], [""오늘은"", ""사실"", ""좀"", ""다른"", ""걸"", ""해"", ""보고"", ""싶어요""]]"
4289,61,2,reviewed,"sentenceWords,sentenceWordChoices,sentenceTranslateAcceptedAnswers","Thanks, but I'm ready for something different after five years.","Thanks, but I'm ready for something different after five years.","[""year"", ""Thank"", ""same""]",[],"[""Thanks"", ""but"", ""I'm"", ""ready"", ""for"", ""something"", ""different after five years""]","[""Thank"", ""same"", ""year""]","[[""감사해요"", ""근데"", ""5년"", ""만에"", ""좀"", ""다른"", ""걸"", ""해"", ""보려고요""]]"
4290,61,1,reviewed,"sentenceWords,sentenceWordChoices,sentenceTranslateAcceptedAnswers",Then please add some layers to give it volume.,Then please add some layers to give it volume.,"[""gave"", ""added"", ""layer""]","[[""layer"", ""layered""]]","[""Then please add"", ""some"", ""layers"", ""to"", ""give"", ""it"", ""volume""]","[""layered"", ""gave"", ""added""]","[[""그럼"", ""볼륨이"", ""살게"", ""층"", ""좀"", ""내"", ""주세요""]]"
4290,61,2,reviewed,"sentenceWords,sentenceWordChoices,sentenceTranslateAcceptedAnswers","No, I'd rather add some layers this time.","No, I'd rather add some layers this time.","[""added"", ""layer"", ""Yes""]","[[""layer"", ""layered""]]","[""No"", ""I'd"", ""rather"", ""add"", ""some"", ""layers this time""]","[""added"", ""layered"", ""Yes""]","[[""아니요"", ""이번엔"", ""층을"", ""내는"", ""게"", ""나을"", ""것"", ""같아요""], [""아니요"", ""층을"", ""이번엔"", ""내는"", ""게"", ""나을"", ""것"", ""같아요""]]"
4291,61,1,reviewed,"sentenceWords,sentenceWordChoices","Please keep the length, I'm growing it out.","Please keep the length, I'm growing it out.","[""in"", ""grew"", ""kept""]",[],"[""Please keep"", ""the"", ""length I'm"", ""growing"", ""it"", ""out""]","[""grew"", ""in"", ""kept""]","[[""길이는"", ""그대로"", ""둬"", ""주세요"", ""기르는"", ""중이거든요""], [""기르는"", ""중이거든요"", ""길이는"", ""그대로"", ""둬"", ""주세요""]]"
4291,61,2,reviewed,"sentenceWords,sentenceWordChoices,sentenceTranslateAcceptedAnswers","I understand, but I want to keep the length for now.","I understand, but I want to keep the length for now.","[""understood"", ""later"", ""kept""]",[],"[""I"", ""understand but"", ""I"", ""want"", ""to"", ""keep"", ""the"", ""length for now""]","[""later"", ""kept"", ""understood""]","[[""알겠는데"", ""지금은"", ""길이를"", ""그대로"", ""두고"", ""싶어요""], [""알겠는데"", ""길이를"", ""지금은"", ""그대로"", ""두고"", ""싶어요""]]"
4292,61,1,reviewed,"sentenceWords,sentenceWordChoices,sentenceTranslateAcceptedAnswers","Yes, it's exactly what I wanted.","Yes, it's exactly what I wanted.","[""me"", ""No"", ""want""]",[],"[""Yes"", ""it's exactly"", ""what"", ""I"", ""wanted""]","[""me"", ""want"", ""No""]","[[""네"", ""딱"", ""제가"", ""원하던"", ""거예요""]]"
4292,61,2,reviewed,"sentenceWords,sentenceWordChoices,sentenceTranslateAcceptedAnswers","You did, and it's exactly what I wanted.","You did, and it's exactly what I wanted.","[""me"", ""want"", ""do""]",[],"[""You"", ""did and"", ""it's exactly"", ""what"", ""I"", ""wanted""]","[""want"", ""me"", ""do""]","[[""네"", ""맞아요"", ""딱"", ""제가"", ""원하던"", ""거예요""]]"
4293,61,1,reviewed,"sentenceWords,sentenceWordChoices",I get a trim every six weeks.,I get a trim every six weeks.,"[""five"", ""got"", ""week""]",[],"[""I"", ""get"", ""a"", ""trim every six weeks""]","[""five"", ""week"", ""got""]","[[""나는"", ""6주마다"", ""머리를"", ""다듬어""], [""6주마다"", ""나는"", ""머리를"", ""다듬어""]]"
4293,61,2,reviewed,"sentenceWords,sentenceWordChoices,sentenceTranslateAcceptedAnswers",Your ends are damaged — you should get a trim.,Your ends are damaged — you should get a trim.,"[""My"", ""end"", ""is""]",[],"[""Your"", ""ends"", ""are"", ""damaged you"", ""should"", ""get"", ""a"", ""trim""]","[""end"", ""My"", ""is""]","[[""끝이"", ""상했네"", ""좀"", ""다듬는"", ""게"", ""좋겠어""]]"
4294,61,1,reviewed,"sentenceWords,sentenceWordChoices",I always ask them to thin out the back.,I always ask them to thin out the back.,"[""asked"", ""never"", ""front""]",[],"[""I always"", ""ask"", ""them"", ""to"", ""thin out the back""]","[""front"", ""asked"", ""never""]","[[""난"", ""항상"", ""뒷머리"", ""숱을"", ""쳐달라고"", ""해""], [""항상"", ""난"", ""뒷머리"", ""숱을"", ""쳐달라고"", ""해""]]"
4294,61,2,reviewed,"sentenceWords,sentenceWordChoices,sentenceTranslateAcceptedAnswers",My hair's so thick I get it thinned out every visit.,My hair's so thick I get it thinned out every visit.,"[""thin"", ""Your"", ""got""]",[],"[""My"", ""hair's"", ""so"", ""thick"", ""I"", ""get"", ""it"", ""thinned"", ""out every visit""]","[""thin"", ""Your"", ""got""]","[[""머리가"", ""워낙"", ""숱이"", ""많아서"", ""갈"", ""때마다"", ""숱을"", ""쳐""]]"
4295,61,1,reviewed,"sentenceWords,sentenceWordChoices,sentenceTranslateAcceptedAnswers",I'm growing my hair out for a change.,I'm growing my hair out for a change.,"[""grew"", ""your"", ""hairs""]",[],"[""I'm"", ""growing my hair"", ""out for a change""]","[""your"", ""hairs"", ""grew""]","[[""기분"", ""전환으로"", ""머리"", ""기르는"", ""중이야""], [""머리"", ""기분"", ""전환으로"", ""기르는"", ""중이야""]]"
4295,61,2,reviewed,"sentenceWords,sentenceWordChoices",She grew her bangs out last year.,She grew her bangs out last year.,"[""grow"", ""his"", ""years""]",[],"[""She"", ""grew her bangs"", ""out last year""]","[""years"", ""his"", ""grow""]","[[""걔는"", ""작년에"", ""앞머리를"", ""다"", ""길렀어""], [""작년에"", ""걔는"", ""앞머리를"", ""다"", ""길렀어""]]"
4296,63,1,reviewed,"sentenceWords,sentenceWordChoices,sentenceTranslateAcceptedAnswers",I'd like that. Thank you!,I'd like that. Thank you!,"[""Thanks"", ""liked"", ""I'll""]","[[""Thanks"", ""Thankful""]]","[""I'd"", ""like"", ""that Thank"", ""you""]","[""I'll"", ""Thankful"", ""liked""]","[[""그거"", ""좋아요"", ""고마워요""]]"
4296,63,2,reviewed,"sentenceWords,sentenceWordChoices,sentenceTranslateAcceptedAnswers",I'd like that very much.,I'd like that very much.,"[""I'll"", ""liking"", ""many""]",[],"[""I'd"", ""like"", ""that very much""]","[""liking"", ""I'll"", ""many""]","[[""그럼"", ""정말"", ""좋죠""]]"
4297,63,1,reviewed,"sentenceWords,sentenceWordChoices",I can play on Sunday.,I can play on Sunday.,"[""Saturday"", ""played"", ""plays""]",[],"[""I"", ""can"", ""play on Sunday""]","[""plays"", ""Saturday"", ""played""]","[[""일요일에"", ""저"", ""할"", ""수"", ""있어요""], [""저"", ""일요일에"", ""할"", ""수"", ""있어요""]]"
4297,63,2,reviewed,none,I can play a little.,I can play a little.,"[""plays"", ""much"", ""playing""]",[],"[""I"", ""can"", ""play"", ""a"", ""little""]","[""plays"", ""much"", ""playing""]","[[""저"", ""조금"", ""칠"", ""수"", ""있어요""], [""조금"", ""저"", ""칠"", ""수"", ""있어요""]]"
4298,63,1,reviewed,sentenceWordChoices,I know a lot about films.,I know a lot about films.,"[""books"", ""knows"", ""film""]","[[""film"", ""filmed""]]","[""I"", ""know"", ""a"", ""lot"", ""about"", ""films""]","[""knows"", ""books"", ""filmed""]","[[""제가"", ""영화를"", ""많이"", ""알아요""], [""영화를"", ""제가"", ""많이"", ""알아요""]]"
4298,63,2,reviewed,sentenceTranslateAcceptedAnswers,"Sorry, I don't know a lot about history.","Sorry, I don't know a lot about history.","[""knows"", ""science"", ""doesn't""]",[],"[""Sorry"", ""I"", ""don't"", ""know"", ""a"", ""lot"", ""about"", ""history""]","[""knows"", ""science"", ""doesn't""]","[[""죄송해요"", ""역사는"", ""잘"", ""몰라요""]]"
4299,63,1,reviewed,"sentenceWords,sentenceWordChoices,sentenceTranslateAcceptedAnswers",Let's call it Blue Monday.,Let's call it Blue Monday.,"[""Sunday"", ""calls"", ""called""]",[],"[""Let's"", ""call"", ""it"", ""Blue Monday""]","[""called"", ""calls"", ""Sunday""]","[[""Blue"", ""Monday라고"", ""해요""]]"
4299,63,2,reviewed,"sentenceWords,sentenceWordChoices,sentenceTranslateAcceptedAnswers",Let's call it Friday Club.,Let's call it Friday Club.,"[""Saturday"", ""calls"", ""calling""]",[],"[""Let's"", ""call"", ""it"", ""Friday Club""]","[""calls"", ""Saturday"", ""calling""]","[[""Friday"", ""Club이라고"", ""해요""]]"
4300,63,1,reviewed,"sentenceWords,sentenceWordChoices",I want to join a team and train with others.,I want to join a team and train with others.,"[""other"", ""joins"", ""teams""]","[[""teams"", ""teaming""]]","[""I"", ""want"", ""to"", ""join"", ""a"", ""team and"", ""train"", ""with"", ""others""]","[""other"", ""joins"", ""teaming""]","[[""저도"", ""팀에"", ""들어가서"", ""다른"", ""사람들이랑"", ""같이"", ""훈련하고"", ""싶어요""], [""팀에"", ""저도"", ""들어가서"", ""다른"", ""사람들이랑"", ""같이"", ""훈련하고"", ""싶어요""]]"
4300,63,2,reviewed,"sentenceWords,sentenceWordChoices","Yes, but this time I'll join a team.","Yes, but this time I'll join a team.","[""No"", ""teams"", ""joins""]","[[""teams"", ""teaming""]]","[""Yes"", ""but"", ""this"", ""time I'll"", ""join"", ""a"", ""team""]","[""teaming"", ""joins"", ""No""]","[[""네"", ""그런데"", ""이번에는"", ""팀에"", ""들어가려고요""], [""네"", ""그런데"", ""팀에"", ""이번에는"", ""들어가려고요""]]"
4301,63,1,reviewed,"sentenceWords,sentenceWordChoices,sentenceTranslateAcceptedAnswers","My strong point is baking, especially bread.","My strong point is baking, especially bread.","[""bake"", ""points"", ""Your""]",[],"[""My"", ""strong"", ""point"", ""is"", ""baking especially"", ""bread""]","[""points"", ""Your"", ""bake""]","[[""제"", ""강점은"", ""베이킹이에요"", ""특히"", ""빵이요""]]"
4301,63,2,reviewed,"sentenceWords,sentenceWordChoices,sentenceTranslateAcceptedAnswers",My strong point is working well with new people.,My strong point is working well with new people.,"[""points"", ""person"", ""Your""]",[],"[""My"", ""strong"", ""point"", ""is"", ""working well"", ""with"", ""new"", ""people""]","[""person"", ""points"", ""Your""]","[[""제"", ""강점은"", ""처음"", ""만난"", ""사람들과도"", ""잘"", ""지내는"", ""거예요""]]"
4302,63,1,reviewed,"sentenceWords,sentenceWordChoices",We still need to think of a name for it.,We still need to think of a name for it.,"[""names"", ""needs"", ""already""]",[],"[""We still need"", ""to"", ""think"", ""of"", ""a"", ""name for it""]","[""already"", ""names"", ""needs""]","[[""아직"", ""이름을"", ""하나"", ""생각해"", ""내야"", ""해요""], [""이름을"", ""하나"", ""아직"", ""생각해"", ""내야"", ""해요""]]"
4302,63,2,reviewed,"sentenceWords,sentenceWordChoices",Almost. I couldn't think of a name yet.,Almost. I couldn't think of a name yet.,"[""already"", ""names"", ""could""]",[],"[""Almost I"", ""couldn't"", ""think"", ""of"", ""a"", ""name yet""]","[""names"", ""could"", ""already""]","[[""거의요"", ""아직"", ""이름을"", ""못"", ""정했어요""], [""거의요"", ""이름을"", ""아직"", ""못"", ""정했어요""]]"
4303,63,1,reviewed,"sentenceWords,sentenceWordChoices",Let's go with the pizza tonight.,Let's go with the pizza tonight.,"[""tomorrow"", ""going"", ""goes""]",[],"[""Let's"", ""go"", ""with"", ""the"", ""pizza tonight""]","[""goes"", ""going"", ""tomorrow""]","[[""오늘은"", ""피자로"", ""해요""], [""피자로"", ""오늘은"", ""해요""]]"
4303,63,2,reviewed,sentenceTranslateAcceptedAnswers,Let's go with the grey one.,Let's go with the grey one.,"[""going"", ""two"", ""goes""]",[],"[""Let's"", ""go"", ""with"", ""the"", ""grey"", ""one""]","[""going"", ""two"", ""goes""]","[[""회색으로"", ""정해요""]]"
4304,63,1,reviewed,"sentenceWords,sentenceWordChoices,sentenceTranslateAcceptedAnswers","Everyone was dancing, so I joined in.","Everyone was dancing, so I joined in.","[""were"", ""dance"", ""join""]",[],"[""Everyone"", ""was"", ""dancing so"", ""I"", ""joined"", ""in""]","[""were"", ""dance"", ""join""]","[[""다들"", ""춤추길래"", ""나도"", ""껴서"", ""췄어""], [""다들"", ""춤추길래"", ""껴서"", ""나도"", ""췄어""]]"
4304,63,2,reviewed,"sentenceWords,sentenceWordChoices",Feel free to join in anytime.,Feel free to join in anytime.,"[""Feels"", ""joins"", ""sometime""]",[],"[""Feel"", ""free"", ""to"", ""join"", ""in anytime""]","[""Feels"", ""joins"", ""sometime""]","[[""언제든"", ""편하게"", ""끼셔도"", ""돼요""], [""편하게"", ""언제든"", ""끼셔도"", ""돼요""]]"
4305,63,1,reviewed,"sentenceWords,sentenceWordChoices,sentenceTranslateAcceptedAnswers","The recipe looks hard, but let's give it a go.","The recipe looks hard, but let's give it a go.","[""easy"", ""look"", ""recipes""]",[],"[""The"", ""recipe"", ""looks"", ""hard but"", ""let's"", ""give"", ""it"", ""a"", ""go""]","[""easy"", ""look"", ""recipes""]","[[""레시피가"", ""어려워"", ""보이긴"", ""한데"", ""한번"", ""해보자""]]"
4305,63,2,reviewed,"sentenceWords,sentenceWordChoices,sentenceTranslateAcceptedAnswers",Why not give it a go? You might like it.,Why not give it a go? You might like it.,"[""gave"", ""your"", ""likes""]",[],"[""Why"", ""not"", ""give"", ""it"", ""a"", ""go You"", ""might"", ""like"", ""it""]","[""gave"", ""likes"", ""your""]","[[""한번"", ""해보지"", ""그래"", ""좋아하게"", ""될지도"", ""몰라""]]"
4306,63,1,reviewed,none,My dad knows a thing or two about fixing cars.,My dad knows a thing or two about fixing cars.,"[""car"", ""things"", ""know""]",[],"[""My"", ""dad"", ""knows"", ""a"", ""thing"", ""or"", ""two"", ""about"", ""fixing"", ""cars""]","[""car"", ""things"", ""know""]","[[""우리"", ""아빠가"", ""차"", ""고치는"", ""건"", ""좀"", ""알지""], [""차"", ""고치는"", ""건"", ""우리"", ""아빠가"", ""좀"", ""알지""]]"
4306,63,2,reviewed,none,She knows a thing or two about wine.,She knows a thing or two about wine.,"[""things"", ""know"", ""Her""]",[],"[""She"", ""knows"", ""a"", ""thing"", ""or"", ""two"", ""about"", ""wine""]","[""things"", ""know"", ""Her""]","[[""걔"", ""와인에"", ""대해선"", ""꽤"", ""알아""], [""와인에"", ""대해선"", ""걔"", ""꽤"", ""알아""]]"
4307,69,1,reviewed,"sentenceWords,sentenceWordChoices",I took the bus from my hotel.,I took the bus from my hotel.,"[""taken"", ""your"", ""take""]",[],"[""I"", ""took"", ""the"", ""bus from my hotel""]","[""taken"", ""your"", ""take""]","[[""호텔에서"", ""버스를"", ""탔어요""], [""버스를"", ""호텔에서"", ""탔어요""]]"
4307,69,2,reviewed,"sentenceWords,sentenceWordChoices",A little. I took the bus at seven.,A little. I took the bus at seven.,"[""eight"", ""take"", ""taken""]",[],"[""A"", ""little I"", ""took"", ""the"", ""bus at seven""]","[""taken"", ""take"", ""eight""]","[[""조금요"", ""일곱"", ""시에"", ""버스를"", ""탔어요""], [""조금요"", ""버스를"", ""일곱"", ""시에"", ""탔어요""]]"
4308,69,1,reviewed,"sentenceWords,sentenceWordChoices,sentenceTranslateAcceptedAnswers","Can I get my money back, please?","Can I get my money back, please?","[""your"", ""got"", ""getting""]",[],"[""Can"", ""I"", ""get"", ""my"", ""money"", ""back please""]","[""getting"", ""got"", ""your""]","[[""돈을"", ""돌려받을"", ""수"", ""있을까요""]]"
4308,69,2,reviewed,sentenceTranslateAcceptedAnswers,I want to get my money back.,I want to get my money back.,"[""wants"", ""your"", ""got""]",[],"[""I"", ""want"", ""to"", ""get"", ""my"", ""money"", ""back""]","[""wants"", ""your"", ""got""]","[[""돈을"", ""돌려받고"", ""싶어요""]]"
4309,69,1,reviewed,"sentenceWords,sentenceWordChoices,sentenceTranslateAcceptedAnswers",I fly home in three more days.,I fly home in three more days.,"[""flew"", ""flies"", ""day""]",[],"[""I"", ""fly"", ""home in three more days""]","[""flew"", ""flies"", ""day""]","[[""사흘"", ""뒤에"", ""돌아가요""]]"
4309,69,2,reviewed,none,I have three more days to read.,I have three more days to read.,"[""has"", ""day"", ""write""]",[],"[""I"", ""have"", ""three"", ""more"", ""days"", ""to"", ""read""]","[""has"", ""day"", ""write""]","[[""읽을"", ""시간이"", ""사흘"", ""더"", ""있어요""], [""사흘"", ""더"", ""읽을"", ""시간이"", ""있어요""]]"
4310,69,1,reviewed,"sentenceWords,sentenceWordChoices,sentenceTranslateAcceptedAnswers","Yes, I ride every day to work.","Yes, I ride every day to work.","[""No"", ""rides"", ""days""]",[],"[""Yes"", ""I"", ""ride every day to work""]","[""days"", ""No"", ""rides""]","[[""네"", ""매일"", ""타고"", ""출근해요""]]"
4310,69,2,reviewed,"sentenceWords,sentenceWordChoices",Very busy. I ride every day at eight.,Very busy. I ride every day at eight.,"[""days"", ""nine"", ""rides""]",[],"[""Very"", ""busy I"", ""ride every day at eight""]","[""days"", ""rides"", ""nine""]","[[""아주"", ""많아요"", ""저는"", ""매일"", ""여덟"", ""시에"", ""타요""], [""아주"", ""많아요"", ""저는"", ""여덟"", ""시에"", ""매일"", ""타요""]]"
4311,69,1,reviewed,"sentenceWords,sentenceWordChoices","No, you transfer to the express line at the next stop.","No, you transfer to the express line at the next stop.","[""transfers"", ""last"", ""Yes""]",[],"[""No"", ""you"", ""transfer"", ""to"", ""the"", ""express"", ""line at the next stop""]","[""transfers"", ""Yes"", ""last""]","[[""아니요"", ""다음"", ""역에서"", ""급행으로"", ""갈아타셔야"", ""해요""], [""아니요"", ""급행으로"", ""다음"", ""역에서"", ""갈아타셔야"", ""해요""]]"
4311,69,2,reviewed,"sentenceWords,sentenceWordChoices,sentenceTranslateAcceptedAnswers","Take this bus, then transfer to the blue bus.","Take this bus, then transfer to the blue bus.","[""transfers"", ""Took"", ""red""]",[],"[""Take"", ""this"", ""bus then"", ""transfer"", ""to"", ""the"", ""blue"", ""bus""]","[""red"", ""transfers"", ""Took""]","[[""이"", ""버스를"", ""타고"", ""나서"", ""파란"", ""버스로"", ""갈아타세요""]]"
4312,69,1,reviewed,"sentenceWords,sentenceWordChoices,sentenceTranslateAcceptedAnswers","I need to get to the hospital, so which way is open?","I need to get to the hospital, so which way is open?","[""needs"", ""hospitals"", ""closed""]",[],"[""I"", ""need"", ""to"", ""get"", ""to"", ""the"", ""hospital so"", ""which"", ""way"", ""is"", ""open""]","[""closed"", ""needs"", ""hospitals""]","[[""병원에"", ""가야"", ""하는데"", ""어느"", ""길이"", ""열려"", ""있나요""]]"
4312,69,2,reviewed,"sentenceWords,sentenceWordChoices,sentenceTranslateAcceptedAnswers","I'd love to, but I need to get to the office.","I'd love to, but I need to get to the office.","[""needs"", ""I'll"", ""offices""]",[],"[""I'd"", ""love"", ""to but"", ""I"", ""need"", ""to"", ""get"", ""to"", ""the"", ""office""]","[""needs"", ""I'll"", ""offices""]","[[""그러고"", ""싶은데"", ""사무실에"", ""가야"", ""해요""]]"
4313,69,1,reviewed,"sentenceWords,sentenceWordChoices,sentenceTranslateAcceptedAnswers","It runs until Friday, so we still have time.","It runs until Friday, so we still have time.","[""ran"", ""run"", ""Saturday""]",[],"[""It"", ""runs until Friday so"", ""we still"", ""have"", ""time""]","[""Saturday"", ""ran"", ""run""]","[[""금요일까지라서"", ""아직"", ""시간이"", ""있어요""], [""금요일까지라서"", ""시간이"", ""아직"", ""있어요""]]"
4313,69,2,reviewed,"sentenceWords,sentenceWordChoices,sentenceTranslateAcceptedAnswers",You can think about it until Friday.,You can think about it until Friday.,"[""Saturday"", ""thought"", ""thinks""]",[],"[""You"", ""can"", ""think"", ""about"", ""it until Friday""]","[""thinks"", ""Saturday"", ""thought""]","[[""금요일까지"", ""생각해"", ""보셔도"", ""돼요""]]"
4314,69,1,reviewed,"sentenceWords,sentenceWordChoices,sentenceTranslateAcceptedAnswers","A little, but the food is great, so it's worth it.","A little, but the food is great, so it's worth it.","[""was"", ""terrible"", ""lot""]",[],"[""A"", ""little but"", ""the"", ""food"", ""is"", ""great so"", ""it's"", ""worth"", ""it""]","[""lot"", ""terrible"", ""was""]","[[""조금요"", ""그래도"", ""음식이"", ""훌륭해서"", ""그만한"", ""값을"", ""해요""]]"
4314,69,2,reviewed,"sentenceWords,sentenceWordChoices,sentenceTranslateAcceptedAnswers",We can wait. It's worth it.,We can wait. It's worth it.,"[""waited"", ""waits"", ""us""]",[],"[""We"", ""can"", ""wait It's"", ""worth"", ""it""]","[""waited"", ""us"", ""waits""]","[[""기다리죠"", ""그만한"", ""가치가"", ""있어요""]]"
4315,69,1,reviewed,"sentenceWords,sentenceWordChoices,sentenceTranslateAcceptedAnswers",Don't forget to tap out when you leave.,Don't forget to tap out when you leave.,"[""Doesn't"", ""taps"", ""forgot""]",[],"[""Don't"", ""forget"", ""to"", ""tap"", ""out when"", ""you"", ""leave""]","[""Doesn't"", ""taps"", ""forgot""]","[[""내릴"", ""때"", ""카드"", ""찍는"", ""거"", ""잊지"", ""마""]]"
4315,69,2,reviewed,"sentenceWords,sentenceWordChoices,sentenceTranslateAcceptedAnswers",You can just tap your phone to pay.,You can just tap your phone to pay.,"[""phones"", ""my"", ""taps""]","[[""phones"", ""phoning""]]","[""You"", ""can just tap"", ""your"", ""phone"", ""to"", ""pay""]","[""phoning"", ""my"", ""taps""]","[[""폰만"", ""갖다"", ""대면"", ""결제돼요""]]"
4316,69,1,reviewed,"sentenceWords,sentenceWordChoices,sentenceTranslateAcceptedAnswers",Check your receipt — we might have been overcharged.,Check your receipt — we might have been overcharged.,"[""Checked"", ""receipts"", ""my""]","[[""my"", ""mine""], [""receipts"", ""receipted""]]","[""Check"", ""your"", ""receipt we"", ""might"", ""have"", ""been"", ""overcharged""]","[""receipted"", ""mine"", ""Checked""]","[[""영수증"", ""확인해봐"", ""우리"", ""돈"", ""더"", ""낸"", ""걸지도"", ""몰라""]]"
4316,69,2,reviewed,"sentenceWords,sentenceWordChoices",I was overcharged for the taxi last night.,I was overcharged for the taxi last night.,"[""were"", ""morning"", ""taxis""]",[],"[""I"", ""was"", ""overcharged"", ""for"", ""the"", ""taxi last night""]","[""were"", ""morning"", ""taxis""]","[[""어젯밤"", ""택시"", ""요금이"", ""과하게"", ""나왔어""], [""택시"", ""요금이"", ""어젯밤"", ""과하게"", ""나왔어""]]"
4317,69,1,reviewed,"sentenceWords,sentenceWordChoices,sentenceTranslateAcceptedAnswers",Tickets are cheaper if you travel off-peak.,Tickets are cheaper if you travel off-peak.,"[""Ticket"", ""expensive"", ""is""]","[[""Ticket"", ""Ticketed""]]","[""Tickets"", ""are"", ""cheaper if"", ""you"", ""travel"", ""off-peak""]","[""Ticketed"", ""is"", ""expensive""]","[[""혼잡"", ""시간대를"", ""피해서"", ""가면"", ""표가"", ""더"", ""싸요""]]"
4317,69,2,reviewed,"sentenceWords,sentenceWordChoices",We booked an off-peak flight to save money.,We booked an off-peak flight to save money.,"[""book"", ""flights"", ""spend""]",[],"[""We"", ""booked"", ""an"", ""off-peak"", ""flight to save"", ""money""]","[""flights"", ""book"", ""spend""]","[[""우리"", ""돈"", ""아끼려고"", ""비수기"", ""항공편으로"", ""예약했어""], [""우리"", ""비수기"", ""항공편으로"", ""돈"", ""아끼려고"", ""예약했어""]]"
4318,66,1,reviewed,"sentenceWords,sentenceWordChoices",I have two hours until then.,I have two hours until then.,"[""than"", ""hour"", ""has""]",[],"[""I"", ""have"", ""two"", ""hours until then""]","[""hour"", ""than"", ""has""]","[[""그때까지"", ""두"", ""시간"", ""있어요""], [""두"", ""시간"", ""그때까지"", ""있어요""]]"
4318,66,2,reviewed,"sentenceWords,sentenceWordChoices,sentenceTranslateAcceptedAnswers","Sure, I have two hours today.","Sure, I have two hours today.","[""tomorrow"", ""has"", ""hour""]",[],"[""Sure"", ""I"", ""have"", ""two"", ""hours today""]","[""hour"", ""has"", ""tomorrow""]","[[""그럼요"", ""오늘"", ""두"", ""시간"", ""있어요""], [""그럼요"", ""두"", ""시간"", ""오늘"", ""있어요""]]"
4319,66,1,reviewed,sentenceTranslateAcceptedAnswers,"Yes, it is an easy walk.","Yes, it is an easy walk.","[""hard"", ""No"", ""its""]",[],"[""Yes"", ""it"", ""is"", ""an"", ""easy"", ""walk""]","[""hard"", ""No"", ""its""]","[[""네"", ""쉬운"", ""산책길이에요""]]"
4319,66,2,reviewed,"sentenceWords,sentenceWordChoices,sentenceTranslateAcceptedAnswers",It is an easy walk from here.,It is an easy walk from here.,"[""Its"", ""walks"", ""there""]",[],"[""It"", ""is"", ""an"", ""easy"", ""walk from here""]","[""walks"", ""Its"", ""there""]","[[""여기서"", ""걸어갈"", ""만한"", ""거리예요""]]"
4320,66,1,reviewed,"sentenceWords,sentenceWordChoices,sentenceTranslateAcceptedAnswers","No, I have a pen with me.","No, I have a pen with me.","[""pens"", ""has"", ""Yes""]","[[""pens"", ""penned""]]","[""No"", ""I"", ""have"", ""a"", ""pen with me""]","[""penned"", ""has"", ""Yes""]","[[""아니요"", ""펜"", ""가지고"", ""있어요""]]"
4320,66,2,reviewed,"sentenceWords,sentenceWordChoices",I have a hat with me.,I have a hat with me.,"[""you"", ""has"", ""hats""]","[[""hats"", ""hatted""]]","[""I"", ""have"", ""a"", ""hat with me""]","[""you"", ""has"", ""hatted""]","[[""저"", ""모자"", ""가지고"", ""있어요""], [""모자"", ""저"", ""가지고"", ""있어요""]]"
4321,66,1,reviewed,"sentenceWords,sentenceWordChoices,sentenceTranslateAcceptedAnswers",I will take a raincoat then.,I will take a raincoat then.,"[""takes"", ""than"", ""took""]",[],"[""I"", ""will"", ""take"", ""a"", ""raincoat then""]","[""than"", ""took"", ""takes""]","[[""그럼"", ""우비를"", ""챙겨"", ""갈게요""]]"
4321,66,2,reviewed,"sentenceWords,sentenceWordChoices,sentenceTranslateAcceptedAnswers",Take a raincoat and warm socks.,Take a raincoat and warm socks.,"[""cold"", ""Took"", ""sock""]",[],"[""Take"", ""a"", ""raincoat and"", ""warm"", ""socks""]","[""Took"", ""sock"", ""cold""]","[[""우비랑"", ""따뜻한"", ""양말"", ""챙기세요""], [""따뜻한"", ""양말"", ""우비랑"", ""챙기세요""]]"
4322,66,1,reviewed,"sentenceWords,sentenceWordChoices",I go hiking with my sister when the weather is nice.,I go hiking with my sister when the weather is nice.,"[""goes"", ""your"", ""brother""]","[[""brother"", ""brotherly""]]","[""I"", ""go"", ""hiking"", ""with"", ""my"", ""sister when"", ""the"", ""weather"", ""is"", ""nice""]","[""brotherly"", ""goes"", ""your""]","[[""날씨"", ""좋으면"", ""동생이랑"", ""하이킹을"", ""가요""], [""동생이랑"", ""날씨"", ""좋으면"", ""하이킹을"", ""가요""]]"
4322,66,2,reviewed,"sentenceWords,sentenceWordChoices,sentenceTranslateAcceptedAnswers",I've had them for years and I go hiking every spring.,I've had them for years and I go hiking every spring.,"[""year"", ""have"", ""I'd""]",[],"[""I've"", ""had"", ""them"", ""for"", ""years and"", ""I"", ""go"", ""hiking every spring""]","[""I'd"", ""have"", ""year""]","[[""몇"", ""년째"", ""신고"", ""있어요"", ""봄마다"", ""하이킹을"", ""가거든요""]]"
4323,66,1,reviewed,"sentenceWords,sentenceWordChoices","Give me the easy one first, please.","Give me the easy one first, please.","[""hard"", ""last"", ""Gave""]",[],"[""Give"", ""me"", ""the"", ""easy"", ""one first please""]","[""last"", ""Gave"", ""hard""]","[[""먼저"", ""쉬운"", ""걸로"", ""주세요""], [""쉬운"", ""걸로"", ""먼저"", ""주세요""]]"
4323,66,2,reviewed,sentenceTranslateAcceptedAnswers,I'll start with the easy one.,I'll start with the easy one.,"[""hard"", ""started"", ""starts""]",[],"[""I'll"", ""start"", ""with"", ""the"", ""easy"", ""one""]","[""hard"", ""started"", ""starts""]","[[""쉬운"", ""쪽부터"", ""시작할게요""]]"
4324,66,1,reviewed,"sentenceWordChoices,sentenceTranslateAcceptedAnswers","No thanks, they fit in my backpack.","No thanks, they fit in my backpack.","[""backpacks"", ""their"", ""Yes""]","[[""backpacks"", ""backpacking""]]","[""No"", ""thanks"", ""they"", ""fit"", ""in"", ""my"", ""backpack""]","[""backpacking"", ""Yes"", ""their""]","[[""괜찮아요"", ""배낭에"", ""들어가요""]]"
4324,66,2,reviewed,"sentenceWords,sentenceWordChoices,sentenceTranslateAcceptedAnswers",They should be in my backpack somewhere.,They should be in my backpack somewhere.,"[""backpacks"", ""your"", ""Their""]","[[""backpacks"", ""backpacking""]]","[""They"", ""should"", ""be"", ""in"", ""my"", ""backpack somewhere""]","[""your"", ""backpacking"", ""Their""]","[[""배낭"", ""어딘가에"", ""있을"", ""거예요""]]"
4325,66,1,reviewed,"sentenceWords,sentenceWordChoices",Then I should buy enough water before I leave.,Then I should buy enough water before I leave.,"[""after"", ""buys"", ""bought""]",[],"[""Then I"", ""should"", ""buy"", ""enough"", ""water before"", ""I"", ""leave""]","[""bought"", ""after"", ""buys""]","[[""그럼"", ""출발"", ""전에"", ""물을"", ""넉넉히"", ""사야겠어요""], [""그럼"", ""물을"", ""출발"", ""전에"", ""넉넉히"", ""사야겠어요""]]"
4325,66,2,reviewed,"sentenceWords,sentenceWordChoices,sentenceTranslateAcceptedAnswers",They'll be fine if they get enough water.,They'll be fine if they get enough water.,"[""Their"", ""find"", ""got""]",[],"[""They'll"", ""be"", ""fine if"", ""they"", ""get"", ""enough"", ""water""]","[""Their"", ""find"", ""got""]","[[""물만"", ""충분히"", ""가면"", ""괜찮을"", ""거예요""]]"
4326,66,1,reviewed,"sentenceWords,sentenceWordChoices,sentenceTranslateAcceptedAnswers",The stairs to the temple were really steep.,The stairs to the temple were really steep.,"[""was"", ""temples"", ""stair""]",[],"[""The"", ""stairs"", ""to"", ""the"", ""temple"", ""were really"", ""steep""]","[""stair"", ""was"", ""temples""]","[[""절"", ""올라가는"", ""계단이"", ""진짜"", ""가팔랐어""], [""진짜"", ""절"", ""올라가는"", ""계단이"", ""가팔랐어""]]"
4326,66,2,reviewed,"sentenceWords,sentenceWordChoices,sentenceTranslateAcceptedAnswers",It gets steep near the top.,It gets steep near the top.,"[""get"", ""Its"", ""bottom""]",[],"[""It"", ""gets"", ""steep near"", ""the"", ""top""]","[""bottom"", ""Its"", ""get""]","[[""정상"", ""근처는"", ""가팔라져요""]]"
4327,66,1,reviewed,"sentenceWords,sentenceWordChoices",Don't forget your rain gear tomorrow.,Don't forget your rain gear tomorrow.,"[""Doesn't"", ""today"", ""forgot""]",[],"[""Don't"", ""forget"", ""your"", ""rain"", ""gear tomorrow""]","[""today"", ""Doesn't"", ""forgot""]","[[""내일"", ""비"", ""대비"", ""장비"", ""꼭"", ""챙겨""], [""비"", ""대비"", ""장비"", ""내일"", ""꼭"", ""챙겨""]]"
4327,66,2,reviewed,"sentenceWords,sentenceWordChoices",All my rain gear is in the car.,All my rain gear is in the car.,"[""your"", ""are"", ""cars""]",[],"[""All my rain gear"", ""is"", ""in"", ""the"", ""car""]","[""your"", ""are"", ""cars""]","[[""내"", ""비옷이랑"", ""장비는"", ""전부"", ""차에"", ""있어""], [""내"", ""비옷이랑"", ""장비는"", ""차에"", ""전부"", ""있어""]]"
4328,66,1,reviewed,"sentenceWords,sentenceWordChoices",We made it to the top just before sunset.,We made it to the top just before sunset.,"[""us"", ""make"", ""after""]",[],"[""We"", ""made"", ""it"", ""to"", ""the"", ""top just before sunset""]","[""after"", ""make"", ""us""]","[[""해"", ""지기"", ""직전에"", ""정상에"", ""도착했어""], [""정상에"", ""해"", ""지기"", ""직전에"", ""도착했어""]]"
4328,66,2,reviewed,"sentenceWords,sentenceWordChoices",Do you think we can make it to the top by noon?,Do you think we can make it to the top by noon?,"[""Does"", ""thinks"", ""made""]",[],"[""Do"", ""you"", ""think"", ""we"", ""can"", ""make"", ""it"", ""to"", ""the"", ""top by noon""]","[""made"", ""thinks"", ""Does""]","[[""정오까지"", ""정상에"", ""갈"", ""수"", ""있을까""], [""정상에"", ""정오까지"", ""갈"", ""수"", ""있을까""]]"
